Age,BusinessTravel,DailyRate,Department,DistanceFromHome,Education,EducationField,EmployeeCount,EmployeeNumber,EnvironmentSatisfaction,Gender,HourlyRate,JobInvolvement,JobLevel,JobRole,JobSatisfaction,MaritalStatus,MonthlyIncome,MonthlyRate,NumCompaniesWorked,Over18,OverTime,PercentSalaryHike,PerformanceRating,RelationshipSatisfaction,StandardHours,StockOptionLevel,TotalWorkingYears,TrainingTimesLastYear,WorkLifeBalance,YearsAtCompany,YearsInCurrentRole,YearsSinceLastPromotion,YearsWithCurrManager,Attrition
56,Travel_Rarely,566,Human Resources,23,3,Other,1,1,3,Female,53,3,5,Research Scientist,2,Single,3732,25333,1,Y,Yes,22,4,1,80,3,16,1,2,7,2,0,0,Yes
44,Travel_Rarely,799,Sales,16,3,Human Resources,1,2,4,Female,84,4,1,Human Resources,3,Single,6359,5556,2,Y,Yes,17,4,1,80,2,15,1,4,4,1,4,2,Yes
26,Non-Travel,305,Sales,17,4,Life Sciences,1,3,2,Male,33,2,2,Human Resources,4,Divorced,7256,9989,1,Y,No,20,4,2,80,1,6,5,4,4,4,1,4,Yes
25,Travel_Rarely,395,Human Resources,21,5,Medical,1,4,2,Female,82,4,2,Healthcare Representative,1,Married,2834,23243,8,Y,No,23,4,1,80,0,17,6,1,4,2,2,0,Yes
41,Travel_Rarely,140,Research & Development,28,1,Technical Degree,1,5,4,Male,41,2,1,Research Scientist,4,Married,7826,4454,7,Y,No,15,3,4,80,3,13,5,3,4,4,1,1,No
31,Non-Travel,866,Sales,14,3,Life Sciences,1,6,1,Female,44,2,2,Research Director,4,Single,6897,19868,2,Y,No,25,3,4,80,0,14,3,2,8,3,0,2,No
32,Non-Travel,677,Human Resources,10,5,Medical,1,7,2,Male,86,1,4,Manager,4,Single,3312,15931,3,Y,Yes,24,3,4,80,1,6,6,4,1,1,0,1,No
18,Travel_Rarely,1072,Sales,9,3,Technical Degree,1,8,3,Female,99,4,3,Manufacturing Director,1,Married,7128,22797,4,Y,No,11,3,2,80,3,5,6,3,2,2,0,2,Yes
58,Non-Travel,1236,Research & Development,5,1,Marketing,1,9,4,Male,88,1,2,Manufacturing Director,2,Divorced,3528,16555,5,Y,Yes,17,4,4,80,0,8,0,3,2,1,2,2,No
43,Travel_Frequently,302,Sales,24,3,Technical Degree,1,10,1,Female,67,4,5,Laboratory Technician,4,Divorced,4567,9777,5,Y,Yes,16,3,3,80,3,20,0,1,17,1,0,0,No
46,Travel_Rarely,246,Sales,20,4,Marketing,1,11,1,Female,62,4,2,Manufacturing Director,4,Married,3990,6736,8,Y,Yes,19,3,3,80,2,15,5,2,1,1,0,1,Yes
43,Travel_Rarely,101,Human Resources,1,4,Other,1,12,1,Female,66,4,3,Manager,3,Married,7545,12248,8,Y,No,13,3,4,80,3,17,2,4,17,2,4,4,Yes
41,Non-Travel,198,Sales,25,5,Human Resources,1,13,2,Female,95,2,3,Manufacturing Director,4,Divorced,6812,19340,8,Y,No,14,3,4,80,0,12,5,1,4,1,0,1,No
25,Travel_Rarely,787,Research & Development,12,3,Medical,1,14,3,Female,51,2,5,Manager,3,Single,8529,12677,7,Y,Yes,21,3,2,80,0,8,5,1,8,3,1,2,No
22,Non-Travel,1295,Sales,28,5,Technical Degree,1,15,2,Male,35,3,4,Laboratory Technician,1,Married,4903,3060,7,Y,No,23,3,2,80,0,4,6,3,4,3,4,0,No
38,Travel_Frequently,227,Research & Development,18,1,Human Resources,1,16,2,Male,83,2,3,Human Resources,4,Divorced,2240,21117,7,Y,Yes,12,3,3,80,2,3,1,2,1,1,0,1,Yes
26,Non-Travel,1020,Human Resources,24,5,Marketing,1,17,4,Male,36,1,4,Healthcare Representative,1,Married,3042,4368,7,Y,No,24,4,3,80,2,4,6,4,2,2,1,1,Yes
39,Non-Travel,1248,Sales,22,2,Medical,1,18,2,Male,78,4,2,Healthcare Representative,2,Divorced,9808,22238,5,Y,No,21,4,1,80,0,15,4,4,2,1,0,2,No
21,Travel_Rarely,755,Human Resources,13,2,Marketing,1,19,4,Male,59,3,1,Manufacturing Director,4,Divorced,4041,19214,2,Y,Yes,22,3,3,80,1,10,4,2,3,3,3,3,No
26,Travel_Rarely,612,Research & Development,15,2,Marketing,1,20,4,Female,77,1,5,Sales Executive,1,Single,6118,15184,6,Y,Yes,25,4,2,80,0,14,6,3,5,1,0,1,Yes
54,Travel_Rarely,1057,Human Resources,20,5,Other,1,21,4,Female,45,2,2,Research Scientist,4,Single,4147,24868,6,Y,Yes,14,3,2,80,1,14,4,3,1,1,0,1,Yes
53,Travel_Rarely,541,Research & Development,1,5,Marketing,1,22,1,Female,33,4,2,Human Resources,1,Single,3269,18347,3,Y,Yes,18,4,2,80,2,10,3,1,1,1,1,1,Yes
54,Travel_Frequently,496,Research & Development,12,2,Human Resources,1,23,1,Female,64,3,1,Manager,2,Single,8677,25132,9,Y,Yes,20,3,2,80,1,17,2,1,5,1,1,3,Yes
28,Non-Travel,1120,Research & Development,25,4,Human Resources,1,24,2,Male,53,4,3,Sales Executive,1,Divorced,6145,19506,3,Y,Yes,12,3,3,80,3,13,6,2,9,3,1,0,Yes
30,Travel_Rarely,828,Human Resources,22,5,Life Sciences,1,25,3,Male,48,1,4,Sales Executive,4,Married,3192,9400,2,Y,Yes,22,3,3,80,3,5,5,3,2,2,2,2,No
33,Travel_Rarely,1047,Research & Development,27,5,Human Resources,1,26,4,Male,82,3,1,Research Director,3,Divorced,7297,20540,4,Y,No,20,3,3,80,1,11,6,2,3,1,1,3,Yes
60,Travel_Rarely,1291,Research & Development,10,1,Life Sciences,1,27,2,Male,56,2,2,Sales Representative,1,Divorced,7665,24556,4,Y,No,16,3,4,80,3,22,4,1,9,4,4,0,Yes
24,Non-Travel,1375,Research & Development,19,5,Life Sciences,1,28,4,Male,83,3,3,Research Director,2,Single,6298,24361,2,Y,No,17,3,1,80,0,23,1,4,18,3,1,4,No
25,Travel_Rarely,604,Sales,28,1,Medical,1,29,1,Female,85,1,5,Manufacturing Director,2,Single,5775,4105,4,Y,No,16,4,3,80,3,19,4,4,6,2,1,6,Yes
35,Travel_Rarely,1496,Research & Development,22,3,Technical Degree,1,30,4,Male,86,3,4,Manufacturing Director,2,Single,3249,12975,7,Y,Yes,16,4,4,80,3,15,4,4,1,1,0,1,No
25,Travel_Frequently,601,Sales,17,1,Technical Degree,1,31,1,Female,58,1,3,Laboratory Technician,1,Single,8236,14677,1,Y,No,13,4,3,80,0,11,1,2,1,1,1,1,No
22,Travel_Rarely,245,Sales,15,1,Technical Degree,1,32,3,Female,55,3,1,Sales Representative,2,Married,1988,8970,0,Y,No,23,3,2,80,0,1,2,3,1,1,0,0,Yes
23,Non-Travel,1096,Human Resources,21,5,Other,1,33,2,Female,46,1,1,Human Resources,2,Single,5832,4048,2,Y,Yes,23,4,4,80,1,12,0,1,6,5,2,0,Yes
48,Travel_Rarely,537,Sales,22,3,Other,1,34,3,Female,79,4,1,Human Resources,2,Single,12781,10427,4,Y,Yes,24,3,1,80,0,2,6,3,1,1,1,1,Yes
31,Travel_Rarely,1429,Human Resources,2,2,Life Sciences,1,35,2,Male,80,3,2,Human Resources,4,Single,3033,22645,0,Y,Yes,18,4,2,80,2,6,1,3,1,1,1,1,No
27,Travel_Frequently,1083,Human Resources,5,2,Life Sciences,1,36,2,Male,82,2,5,Manufacturing Director,2,Divorced,6925,5818,2,Y,Yes,25,3,3,80,2,22,6,3,11,2,0,3,Yes
57,Travel_Frequently,160,Research & Development,26,3,Marketing,1,37,3,Male,50,1,2,Human Resources,4,Divorced,3373,6777,5,Y,No,15,3,1,80,0,10,3,2,9,2,4,0,Yes
43,Non-Travel,146,Research & Development,25,3,Other,1,38,3,Female,77,1,1,Laboratory Technician,2,Married,11348,15568,7,Y,No,11,3,1,80,3,13,6,3,5,1,0,1,No
43,Travel_Frequently,1435,Sales,19,3,Human Resources,1,39,3,Male,52,2,3,Sales Executive,3,Single,5410,3531,1,Y,Yes,20,3,3,80,2,16,0,3,6,1,0,0,No
34,Travel_Rarely,636,Sales,17,5,Medical,1,40,4,Female,54,4,2,Manager,3,Married,10922,18616,1,Y,Yes,25,4,3,80,1,12,1,3,1,1,1,1,Yes
36,Non-Travel,414,Human Resources,13,5,Other,1,41,1,Male,62,1,5,Healthcare Representative,2,Divorced,2294,3605,6,Y,No,14,3,2,80,1,20,5,3,10,2,0,5,No
20,Travel_Frequently,1019,Sales,6,2,Life Sciences,1,42,4,Male,33,3,1,Laboratory Technician,2,Divorced,2785,20935,5,Y,Yes,13,3,2,80,2,6,2,4,3,2,1,3,Yes
22,Non-Travel,239,Human Resources,15,1,Marketing,1,43,2,Male,43,4,5,Manufacturing Director,2,Divorced,3706,22618,3,Y,No,23,3,3,80,0,3,5,2,3,2,1,2,Yes
27,Travel_Rarely,420,Research & Development,5,1,Other,1,44,1,Female,38,3,3,Sales Executive,2,Married,2977,11310,0,Y,Yes,15,4,4,80,1,20,5,1,19,1,2,8,Yes
29,Travel_Rarely,972,Sales,5,4,Other,1,45,2,Female,64,1,5,Healthcare Representative,1,Divorced,6864,21282,9,Y,No,24,4,1,80,0,18,1,1,6,1,2,1,No
57,Non-Travel,1146,Sales,15,1,Medical,1,46,1,Male,46,1,2,Research Scientist,2,Married,4471,5687,7,Y,Yes,13,3,2,80,1,7,2,3,2,2,2,2,Yes
32,Travel_Frequently,649,Sales,25,1,Life Sciences,1,47,1,Female,56,3,1,Healthcare Representative,2,Single,4883,4243,5,Y,Yes,12,3,1,80,2,18,1,1,6,2,0,2,Yes
53,Travel_Frequently,1280,Research & Development,8,5,Human Resources,1,48,1,Male,76,4,4,Human Resources,1,Single,8326,22609,2,Y,Yes,13,4,4,80,1,17,2,3,3,2,0,0,No
27,Travel_Rarely,495,Sales,26,5,Medical,1,49,4,Female,91,2,1,Sales Representative,1,Married,2727,26174,7,Y,Yes,22,3,4,80,3,13,3,4,3,1,2,3,Yes
25,Travel_Frequently,1113,Human Resources,19,5,Life Sciences,1,50,2,Female,69,1,3,Research Scientist,3,Single,3497,3792,4,Y,Yes,15,3,2,80,3,19,5,3,5,3,5,5,No
57,Travel_Frequently,216,Research & Development,26,1,Medical,1,51,3,Male,92,4,1,Manager,2,Single,2226,12314,5,Y,Yes,12,3,3,80,1,14,2,1,6,1,1,0,Yes
41,Travel_Frequently,1284,Research & Development,17,5,Marketing,1,52,3,Female,51,2,4,Research Scientist,2,Divorced,9974,7588,0,Y,No,17,3,4,80,0,8,0,4,4,1,1,0,No
57,Travel_Rarely,1051,Sales,19,5,Human Resources,1,53,1,Female,74,1,3,Healthcare Representative,2,Single,17795,2768,2,Y,Yes,25,3,2,80,1,11,3,1,1,1,1,1,Yes
21,Travel_Frequently,899,Research & Development,10,2,Human Resources,1,54,3,Male,63,4,1,Manager,3,Married,5062,18438,1,Y,Yes,17,4,4,80,0,7,0,3,1,1,0,0,Yes
25,Travel_Rarely,1387,Human Resources,2,3,Human Resources,1,55,4,Male,61,4,3,Sales Representative,4,Married,5163,22931,3,Y,No,15,4,2,80,2,15,6,4,1,1,0,1,Yes
50,Non-Travel,1014,Human Resources,4,5,Marketing,1,56,4,Male,31,1,5,Manager,4,Divorced,4604,21978,9,Y,No,25,3,3,80,2,13,6,4,1,1,1,1,No
47,Travel_Frequently,1403,Human Resources,17,2,Technical Degree,1,57,2,Female,88,2,1,Sales Representative,2,Divorced,7901,5186,0,Y,Yes,24,3,4,80,1,12,4,1,1,1,0,0,Yes
60,Non-Travel,1232,Human Resources,2,5,Other,1,58,3,Male,99,2,5,Sales Representative,2,Divorced,4103,7475,8,Y,No,16,3,1,80,0,15,0,2,3,1,3,0,No
59,Travel_Frequently,367,Sales,13,1,Medical,1,59,1,Female,39,1,1,Healthcare Representative,2,Divorced,3975,5028,9,Y,No,24,3,4,80,1,3,2,1,2,2,0,2,Yes
43,Non-Travel,775,Research & Development,17,3,Technical Degree,1,60,3,Male,83,2,5,Manufacturing Director,4,Divorced,3557,23792,9,Y,Yes,14,4,3,80,2,11,3,3,1,1,1,1,Yes
60,Travel_Rarely,1340,Human Resources,29,3,Medical,1,61,4,Female,71,1,3,Manager,3,Single,8731,3252,2,Y,Yes,24,3,4,80,2,1,4,4,1,1,1,1,Yes
34,Travel_Frequently,111,Sales,16,3,Human Resources,1,62,4,Male,50,1,5,Manufacturing Director,2,Married,3457,9119,5,Y,No,18,3,2,80,0,27,3,3,13,2,2,0,No
43,Non-Travel,982,Human Resources,16,2,Other,1,63,3,Female,68,3,2,Manufacturing Director,3,Married,7400,21945,6,Y,No,11,3,4,80,3,9,4,2,1,1,1,1,Yes
43,Travel_Rarely,596,Human Resources,4,5,Technical Degree,1,64,2,Male,54,1,2,Sales Executive,1,Single,5254,15737,1,Y,No,17,3,2,80,1,20,5,3,6,1,4,2,Yes
49,Travel_Frequently,1020,Sales,7,4,Medical,1,65,1,Female,94,2,1,Research Scientist,3,Divorced,18013,13692,7,Y,No,24,3,4,80,1,15,5,1,2,2,0,0,No
32,Travel_Frequently,1063,Research & Development,12,3,Human Resources,1,66,2,Female,66,1,5,Human Resources,3,Single,3550,6805,6,Y,No,18,3,2,80,0,10,1,1,3,1,2,0,No
25,Non-Travel,1230,Sales,2,1,Technical Degree,1,67,2,Male,70,1,2,Healthcare Representative,3,Married,5341,16199,5,Y,No,15,4,2,80,2,13,6,1,4,2,1,2,Yes
59,Travel_Frequently,315,Research & Development,3,3,Marketing,1,68,2,Female,42,4,5,Manufacturing Director,3,Divorced,6286,6675,4,Y,Yes,12,3,1,80,3,3,2,3,3,2,0,3,Yes
42,Non-Travel,1074,Sales,6,3,Medical,1,69,1,Male,77,2,2,Sales Representative,2,Single,6331,10228,4,Y,No,23,3,2,80,3,17,4,4,6,1,1,6,Yes
20,Travel_Frequently,1412,Human Resources,6,3,Life Sciences,1,70,4,Male,69,4,1,Research Director,3,Married,4445,20088,8,Y,No,15,3,4,80,2,12,2,2,2,2,0,2,No
48,Non-Travel,181,Human Resources,4,2,Technical Degree,1,71,2,Female,41,3,2,Sales Executive,4,Single,4520,11882,0,Y,No,19,3,4,80,2,16,1,4,2,2,0,2,No
23,Non-Travel,1347,Research & Development,2,4,Other,1,72,4,Male,66,1,4,Sales Representative,4,Married,5288,20271,3,Y,Yes,12,4,3,80,3,10,0,4,2,1,0,2,Yes
18,Travel_Frequently,1130,Research & Development,29,3,Marketing,1,73,1,Female,35,3,3,Sales Executive,3,Divorced,3665,13801,1,Y,Yes,24,3,1,80,3,16,0,3,5,2,1,0,No
46,Travel_Rarely,1073,Sales,20,3,Technical Degree,1,74,3,Male,96,1,4,Human Resources,4,Single,12777,2988,4,Y,No,25,4,3,80,3,6,5,3,5,1,0,5,Yes
18,Travel_Rarely,892,Research & Development,24,4,Marketing,1,75,2,Female,44,4,3,Laboratory Technician,4,Married,8793,23563,8,Y,Yes,11,4,1,80,3,6,6,3,6,1,3,4,Yes
20,Travel_Frequently,477,Research & Development,3,4,Technical Degree,1,76,2,Female,44,1,1,Sales Representative,2,Single,3088,15547,3,Y,No,14,3,2,80,3,14,0,4,7,1,0,2,Yes
19,Travel_Frequently,1443,Human Resources,18,3,Medical,1,77,1,Male,62,4,1,Sales Executive,4,Divorced,3578,19162,5,Y,Yes,13,3,1,80,3,4,0,2,3,1,0,2,No
39,Travel_Rarely,341,Sales,28,1,Human Resources,1,78,2,Male,62,1,5,Manufacturing Director,2,Single,8085,25116,3,Y,Yes,20,3,2,80,2,8,1,2,1,1,1,1,Yes
59,Travel_Frequently,322,Sales,9,2,Other,1,79,4,Female,37,4,2,Manufacturing Director,4,Married,9893,5389,3,Y,Yes,24,3,3,80,2,7,2,4,1,1,1,1,No
39,Travel_Rarely,973,Human Resources,14,3,Marketing,1,80,2,Male,41,3,4,Research Scientist,1,Divorced,7803,3560,2,Y,Yes,20,3,3,80,1,11,3,1,3,3,0,3,No
49,Travel_Frequently,972,Human Resources,27,3,Other,1,81,4,Male,64,1,5,Sales Representative,2,Single,20000,24462,0,Y,Yes,17,4,1,80,1,13,4,3,6,1,1,5,Yes
54,Non-Travel,1055,Research & Development,24,2,Life Sciences,1,82,1,Female,80,4,1,Research Scientist,4,Divorced,4682,24015,3,Y,No,12,3,4,80,1,5,6,2,2,1,2,1,No
29,Non-Travel,199,Sales,16,2,Marketing,1,83,4,Male,43,2,2,Human Resources,3,Married,3511,14197,8,Y,No,24,4,1,80,2,17,5,4,8,1,1,3,Yes
56,Non-Travel,127,Research & Development,2,3,Medical,1,84,1,Female,34,3,1,Research Director,4,Single,1568,22939,7,Y,No,14,4,3,80,2,9,6,3,1,1,1,1,No
33,Travel_Frequently,1071,Human Resources,1,1,Technical Degree,1,85,4,Female,57,1,3,Research Director,1,Married,1724,21118,4,Y,Yes,22,4,1,80,0,11,3,4,8,2,1,6,No
37,Travel_Frequently,1416,Sales,20,2,Medical,1,86,1,Female,30,3,3,Healthcare Representative,2,Divorced,5580,12724,4,Y,No,21,4,1,80,0,16,2,2,2,1,2,1,Yes
41,Travel_Rarely,250,Research & Development,13,4,Technical Degree,1,87,4,Male,79,2,4,Manager,3,Married,2270,25559,1,Y,No,15,3,3,80,3,8,4,4,3,1,0,3,No
51,Non-Travel,213,Human Resources,18,1,Life Sciences,1,88,2,Male,37,3,1,Healthcare Representative,4,Single,6321,19370,7,Y,Yes,19,4,1,80,0,15,2,3,5,5,2,1,No
22,Travel_Rarely,1284,Research & Development,9,1,Other,1,89,4,Female,42,1,5,Human Resources,1,Divorced,1947,21614,8,Y,No,21,4,2,80,0,15,5,2,1,1,1,1,Yes
51,Travel_Frequently,1488,Sales,11,1,Medical,1,90,4,Female,83,3,1,Research Scientist,1,Divorced,7877,5726,0,Y,Yes,22,3,3,80,2,8,4,3,6,4,0,1,Yes
49,Travel_Frequently,1073,Human Resources,10,2,Human Resources,1,91,2,Female,38,3,5,Manager,2,Married,2574,8471,1,Y,No,16,4,1,80,0,14,1,1,1,1,0,1,Yes
54,Travel_Frequently,1043,Research & Development,23,2,Marketing,1,92,4,Male,72,1,5,Healthcare Representative,3,Single,3639,11206,4,Y,Yes,22,3,4,80,2,12,2,3,2,2,0,1,Yes
36,Non-Travel,850,Human Resources,28,3,Medical,1,93,4,Male,45,2,4,Human Resources,2,Single,4832,11873,1,Y,No,11,4,4,80,1,12,0,2,2,1,0,2,Yes
27,Non-Travel,411,Human Resources,17,2,Marketing,1,94,1,Male,71,4,4,Human Resources,4,Single,3055,11667,5,Y,No,17,3,4,80,3,21,4,2,7,1,0,0,Yes
39,Travel_Rarely,1083,Sales,26,1,Other,1,95,1,Male,71,4,1,Healthcare Representative,2,Married,5036,3316,3,Y,Yes,12,3,4,80,3,11,6,2,2,1,2,2,No
27,Non-Travel,582,Human Resources,12,2,Medical,1,96,1,Female,50,1,5,Healthcare Representative,3,Single,5015,2987,6,Y,Yes,21,3,1,80,1,17,4,1,3,2,0,0,Yes
52,Travel_Frequently,558,Research & Development,7,4,Marketing,1,97,2,Male,48,4,2,Research Director,2,Single,11340,12793,6,Y,No,23,4,4,80,0,11,0,4,3,2,0,1,No
23,Travel_Rarely,927,Research & Development,2,4,Technical Degree,1,98,1,Female,73,3,5,Research Scientist,4,Single,7796,25781,7,Y,Yes,12,3,2,80,3,2,4,2,2,1,0,2,Yes
40,Travel_Rarely,1387,Human Resources,22,4,Medical,1,99,2,Male,65,1,5,Healthcare Representative,1,Divorced,2322,12526,8,Y,No,17,3,2,80,1,25,0,3,22,2,2,1,No
29,Non-Travel,336,Human Resources,23,4,Technical Degree,1,100,3,Female,34,4,4,Manufacturing Director,1,Married,2527,18669,4,Y,No,14,3,4,80,2,29,0,1,16,2,3,4,No
51,Non-Travel,1068,Research & Development,1,3,Human Resources,1,101,3,Male,81,2,2,Healthcare Representative,4,Divorced,3494,6406,5,Y,Yes,13,3,3,80,1,10,3,1,2,1,0,2,No
59,Travel_Frequently,1339,Sales,10,3,Other,1,102,4,Male,36,4,1,Manufacturing Director,3,Single,2731,15716,2,Y,Yes,12,3,2,80,2,17,1,2,4,2,4,3,Yes
42,Travel_Rarely,1233,Sales,16,5,Technical Degree,1,103,4,Female,32,3,1,Laboratory Technician,2,Divorced,3425,19432,4,Y,No,12,4,2,80,3,2,0,3,2,2,2,2,Yes
49,Non-Travel,945,Sales,20,2,Marketing,1,104,1,Female,89,3,5,Healthcare Representative,3,Single,18299,22733,1,Y,Yes,22,3,3,80,2,15,4,3,1,1,0,0,No
28,Travel_Frequently,1222,Human Resources,21,1,Life Sciences,1,105,4,Male,91,2,3,Manufacturing Director,3,Divorced,6788,26975,0,Y,Yes,14,4,3,80,3,10,0,1,2,2,1,1,No
53,Travel_Rarely,867,Sales,29,3,Medical,1,106,3,Female,56,4,5,Research Scientist,1,Divorced,9770,12837,4,Y,No,24,3,2,80,2,17,4,2,3,2,3,2,Yes
40,Non-Travel,592,Research & Development,21,5,Technical Degree,1,107,2,Female,74,4,4,Healthcare Representative,1,Divorced,5189,13234,0,Y,No,22,3,3,80,0,2,3,4,1,1,0,1,Yes
21,Travel_Frequently,843,Human Resources,3,1,Other,1,108,1,Female,81,1,2,Sales Executive,1,Divorced,2809,12636,0,Y,No,19,3,4,80,0,9,0,1,8,1,3,0,Yes
50,Non-Travel,825,Sales,8,1,Marketing,1,109,3,Male,46,4,5,Sales Executive,3,Single,4702,16916,0,Y,No,17,4,4,80,0,15,0,3,5,3,2,0,No
41,Travel_Rarely,376,Research & Development,8,2,Human Resources,1,110,3,Female,40,4,3,Healthcare Representative,3,Divorced,7790,10964,5,Y,No,18,3,2,80,2,4,3,1,1,1,0,1,No
42,Travel_Frequently,469,Research & Development,10,5,Marketing,1,111,4,Female,41,3,2,Manager,2,Divorced,4421,2780,4,Y,Yes,25,4,2,80,2,27,1,3,13,2,0,2,No
26,Non-Travel,1084,Research & Development,18,4,Technical Degree,1,112,2,Female,73,4,3,Sales Representative,2,Divorced,4634,20544,7,Y,No,15,3,2,80,3,13,5,3,2,2,2,0,No
35,Travel_Frequently,746,Human Resources,23,4,Life Sciences,1,113,4,Female,51,3,1,Sales Executive,2,Married,2642,25387,1,Y,No,12,4,1,80,2,29,3,3,16,3,6,2,Yes
40,Travel_Rarely,520,Research & Development,29,1,Other,1,114,4,Female,32,3,3,Human Resources,3,Married,6652,20844,6,Y,Yes,22,3,4,80,0,18,6,4,8,3,1,0,Yes
18,Non-Travel,572,Research & Development,10,5,Technical Degree,1,115,4,Male,75,3,3,Research Director,3,Single,6435,13329,8,Y,No,23,3,4,80,3,11,5,2,2,1,2,0,No
34,Non-Travel,1143,Research & Development,11,3,Technical Degree,1,116,3,Male,99,4,3,Research Director,1,Single,5830,19081,3,Y,Yes,25,4,4,80,3,5,1,4,1,1,0,0,No
55,Travel_Rarely,287,Research & Development,25,5,Human Resources,1,117,4,Female,46,3,4,Human Resources,1,Single,11390,5586,7,Y,Yes,15,3,3,80,3,4,3,4,1,1,1,1,No
35,Travel_Rarely,1442,Sales,14,3,Other,1,118,2,Male,53,1,4,Research Director,2,Married,3376,23817,5,Y,No,15,4,4,80,2,6,4,4,4,1,0,3,No
50,Travel_Frequently,1119,Research & Development,22,5,Technical Degree,1,119,1,Male,46,2,4,Sales Representative,4,Married,4715,20394,5,Y,Yes,25,4,3,80,2,14,0,2,4,3,1,0,Yes
27,Non-Travel,353,Human Resources,22,5,Medical,1,120,2,Male,80,1,3,Human Resources,2,Married,4624,7017,2,Y,No,15,4,4,80,0,2,3,1,2,1,1,2,Yes
53,Travel_Rarely,908,Human Resources,22,4,Marketing,1,121,4,Female,89,1,4,Healthcare Representative,4,Divorced,4847,14835,4,Y,No,24,4,2,80,1,8,5,4,3,3,0,0,No
31,Travel_Frequently,304,Research & Development,6,4,Marketing,1,122,1,Female,74,4,3,Human Resources,4,Divorced,11921,10017,9,Y,No,21,3,1,80,3,7,1,1,2,1,2,0,No
32,Non-Travel,995,Research & Development,14,1,Medical,1,123,1,Female,87,1,2,Manufacturing Director,1,Single,5082,22054,9,Y,No,15,3,3,80,2,23,0,1,12,1,1,1,Yes
58,Non-Travel,589,Human Resources,25,1,Technical Degree,1,124,1,Female,53,1,5,Research Director,2,Divorced,6361,8171,9,Y,Yes,21,3,3,80,1,15,0,1,1,1,1,0,Yes
51,Non-Travel,941,Sales,2,3,Human Resources,1,125,1,Female,68,2,4,Laboratory Technician,4,Single,2609,26558,7,Y,No,16,4,3,80,1,13,2,4,12,4,3,2,Yes
49,Non-Travel,1191,Research & Development,14,4,Medical,1,126,2,Female,44,4,5,Sales Executive,3,Divorced,4774,20133,3,Y,Yes,22,3,1,80,0,16,1,4,2,1,2,0,Yes
42,Non-Travel,873,Research & Development,7,4,Other,1,127,3,Female,79,3,3,Manager,1,Divorced,4297,4551,9,Y,Yes,18,4,4,80,0,4,3,1,2,1,2,2,No
32,Travel_Frequently,927,Human Resources,20,4,Marketing,1,128,2,Female,36,4,3,Human Resources,1,Divorced,3468,2258,1,Y,Yes,21,3,4,80,0,19,6,4,10,2,0,3,Yes
60,Travel_Rarely,913,Sales,23,1,Other,1,129,3,Male,50,2,5,Healthcare Representative,2,Married,8117,3283,5,Y,Yes,20,3,3,80,3,22,2,1,14,4,1,2,No
42,Travel_Frequently,744,Human Resources,3,5,Medical,1,130,4,Female,38,4,2,Research Scientist,2,Single,3590,18299,8,Y,Yes,21,3,3,80,3,20,3,1,7,1,0,2,Yes
20,Travel_Frequently,289,Sales,1,5,Marketing,1,131,3,Female,81,2,1,Healthcare Representative,3,Single,5089,15230,1,Y,Yes,20,3,1,80,2,11,5,1,2,1,2,1,Yes
32,Travel_Rarely,371,Human Resources,2,2,Medical,1,132,3,Male,69,4,4,Laboratory Technician,3,Divorced,8275,3958,5,Y,No,19,4,4,80,0,14,6,3,2,1,0,1,No
42,Non-Travel,1425,Sales,20,4,Medical,1,133,4,Male,46,3,1,Research Director,3,Married,3649,20171,1,Y,No,13,3,2,80,2,5,2,3,1,1,0,1,No
55,Travel_Frequently,695,Human Resources,17,1,Marketing,1,134,4,Male,43,2,1,Sales Executive,3,Single,2680,26173,2,Y,No,13,3,3,80,0,15,3,4,2,1,2,2,No
26,Non-Travel,1243,Human Resources,6,5,Technical Degree,1,135,1,Female,65,4,1,Healthcare Representative,2,Married,7664,18648,0,Y,No,18,4,1,80,1,15,2,1,2,2,0,1,Yes
47,Travel_Rarely,613,Research & Development,9,5,Medical,1,136,2,Female,70,4,5,Research Director,2,Divorced,3776,20863,2,Y,No,21,3,1,80,2,15,4,1,4,1,0,0,No
50,Travel_Rarely,827,Human Resources,1,5,Other,1,137,3,Female,76,4,4,Healthcare Representative,2,Married,5381,13851,8,Y,Yes,13,3,4,80,0,2,5,4,1,1,1,1,No
46,Non-Travel,639,Human Resources,4,4,Other,1,138,1,Female,96,2,4,Sales Executive,2,Married,11551,4007,1,Y,Yes,21,3,1,80,3,16,6,2,5,3,0,0,Yes
34,Non-Travel,540,Research & Development,29,5,Medical,1,139,1,Female,69,2,3,Manufacturing Director,4,Divorced,5182,25276,3,Y,Yes,18,3,1,80,0,19,5,1,10,1,0,0,No
60,Travel_Frequently,440,Human Resources,21,1,Technical Degree,1,140,4,Male,91,2,3,Sales Executive,2,Divorced,3886,24760,8,Y,No,18,4,1,80,0,14,0,4,8,1,1,6,No
58,Travel_Frequently,118,Sales,12,5,Other,1,141,1,Female,41,1,1,Healthcare Representative,1,Single,4759,24630,9,Y,Yes,15,3,3,80,1,18,6,2,11,1,0,0,Yes
37,Non-Travel,738,Human Resources,4,2,Human Resources,1,142,1,Female,48,3,4,Manager,4,Single,3658,15395,0,Y,No,11,4,2,80,2,18,6,1,5,1,5,3,No
58,Non-Travel,1241,Research & Development,9,1,Marketing,1,143,3,Male,57,3,4,Healthcare Representative,2,Married,7364,13777,5,Y,Yes,13,3,1,80,0,6,5,4,4,2,0,1,Yes
32,Non-Travel,1250,Sales,25,1,Marketing,1,144,2,Male,57,1,3,Sales Representative,2,Married,5725,24947,2,Y,Yes,23,3,1,80,1,1,1,2,1,1,1,1,Yes
20,Travel_Frequently,659,Sales,26,3,Other,1,145,1,Female,62,4,2,Research Director,4,Divorced,14697,9835,4,Y,No,17,4,1,80,3,16,0,1,6,1,5,1,No
27,Non-Travel,1106,Research & Development,27,3,Medical,1,146,1,Female,67,4,5,Research Scientist,4,Single,2466,2929,3,Y,No,18,4,2,80,0,15,6,4,5,3,0,5,No
47,Non-Travel,462,Sales,27,2,Technical Degree,1,147,3,Female,79,2,3,Research Scientist,1,Divorced,4928,19294,4,Y,No,24,3,1,80,1,24,4,1,14,1,6,1,Yes
40,Travel_Frequently,468,Sales,29,5,Technical Degree,1,148,3,Male,76,2,4,Sales Executive,1,Single,3874,5807,5,Y,Yes,14,4,1,80,0,11,0,1,3,3,1,3,No
40,Travel_Frequently,440,Sales,14,4,Marketing,1,149,1,Female,73,3,4,Sales Representative,3,Divorced,1997,21840,7,Y,Yes,23,3,1,80,2,2,1,3,2,1,0,2,No
52,Travel_Frequently,861,Human Resources,19,5,Human Resources,1,150,3,Female,37,4,5,Research Scientist,1,Married,3746,4660,3,Y,Yes,16,3,3,80,3,17,2,1,9,2,1,1,No
29,Travel_Frequently,982,Sales,19,2,Medical,1,151,4,Female,81,4,2,Research Director,4,Single,3500,9269,0,Y,No,24,3,3,80,3,14,0,3,5,2,1,5,No
31,Travel_Rarely,871,Human Resources,7,5,Technical Degree,1,152,3,Female,77,3,1,Manager,4,Single,5104,18499,0,Y,Yes,11,3,1,80,3,17,2,3,3,2,3,1,No
30,Non-Travel,1005,Research & Development,10,5,Medical,1,153,4,Male,95,1,3,Research Scientist,4,Single,7652,22536,2,Y,No,13,3,4,80,1,13,0,4,11,1,0,0,No
18,Travel_Rarely,240,Sales,8,5,Human Resources,1,154,4,Male,30,4,3,Manufacturing Director,2,Divorced,7292,17038,7,Y,Yes,17,3,2,80,1,16,5,4,2,2,2,0,No
28,Travel_Rarely,144,Sales,29,3,Human Resources,1,155,3,Male,45,2,1,Manager,3,Married,3306,14449,9,Y,Yes,22,4,2,80,1,8,1,1,7,6,2,0,No
51,Travel_Rarely,731,Human Resources,23,3,Life Sciences,1,156,2,Male,82,3,1,Healthcare Representative,1,Single,4213,17592,4,Y,Yes,23,4,3,80,0,15,2,1,2,2,2,0,Yes
40,Travel_Rarely,259,Sales,18,2,Medical,1,157,4,Female,82,4,4,Manager,1,Single,4589,25610,6,Y,Yes,18,3,4,80,2,10,6,2,7,2,4,5,No
28,Non-Travel,1090,Human Resources,17,2,Life Sciences,1,158,1,Female,55,2,1,Research Scientist,3,Married,8475,16087,8,Y,No,16,4,4,80,0,10,4,4,2,2,0,1,No
36,Non-Travel,240,Sales,19,1,Medical,1,159,2,Male,85,4,3,Research Director,1,Divorced,8390,12640,9,Y,No,17,3,1,80,0,6,3,3,4,4,3,3,No
40,Travel_Frequently,1028,Sales,24,4,Technical Degree,1,160,3,Female,46,4,1,Sales Executive,2,Divorced,5403,7832,4,Y,Yes,14,3,3,80,3,6,4,2,2,2,0,2,Yes
56,Travel_Rarely,326,Research & Development,12,1,Marketing,1,161,4,Male,42,2,5,Research Scientist,1,Single,1192,15411,1,Y,Yes,19,3,2,80,2,16,5,4,3,1,2,3,Yes
40,Non-Travel,875,Human Resources,7,4,Marketing,1,162,2,Female,32,4,4,Human Resources,4,Divorced,4956,21604,7,Y,No,16,3,4,80,0,11,3,3,4,1,0,0,No
27,Travel_Rarely,967,Human Resources,14,2,Other,1,163,3,Male,54,3,1,Sales Representative,4,Divorced,3093,5253,3,Y,Yes,18,4,3,80,0,10,3,2,5,1,1,3,Yes
37,Travel_Frequently,203,Sales,28,2,Technical Degree,1,164,4,Female,56,2,5,Sales Representative,2,Married,5170,7818,8,Y,Yes,12,4,2,80,2,3,4,1,3,1,2,2,Yes
29,Travel_Frequently,875,Research & Development,1,1,Medical,1,165,4,Female,74,2,3,Healthcare Representative,4,Single,5336,14903,2,Y,Yes,23,3,1,80,1,18,1,4,8,1,1,0,No
43,Travel_Rarely,707,Sales,20,2,Other,1,166,3,Female,44,4,4,Sales Representative,2,Single,5041,18616,0,Y,Yes,21,3,4,80,2,10,1,1,4,4,1,4,Yes
36,Travel_Frequently,590,Human Resources,1,1,Other,1,167,3,Male,81,2,4,Human Resources,1,Married,5784,20990,8,Y,No,24,3,2,80,0,16,1,1,5,1,1,0,No
50,Travel_Frequently,835,Research & Development,29,2,Human Resources,1,168,1,Female,75,1,2,Sales Executive,2,Married,4085,12541,2,Y,Yes,24,4,4,80,3,27,4,3,13,2,2,0,Yes
28,Non-Travel,1375,Sales,16,3,Technical Degree,1,169,2,Male,91,1,4,Laboratory Technician,3,Single,6148,10548,8,Y,No,12,3,3,80,2,5,5,2,2,2,0,0,No
46,Travel_Frequently,344,Research & Development,16,2,Human Resources,1,170,2,Male,37,1,2,Research Scientist,4,Married,5916,12717,3,Y,Yes,25,3,3,80,2,20,0,3,10,6,6,4,No
46,Travel_Rarely,1378,Human Resources,11,5,Medical,1,171,4,Female,71,4,2,Healthcare Representative,3,Divorced,4202,12695,5,Y,No,15,3,1,80,0,12,2,4,1,1,1,0,No
26,Travel_Rarely,228,Research & Development,25,5,Medical,1,172,3,Female,96,4,4,Sales Executive,1,Single,4913,11821,2,Y,Yes,13,3,3,80,2,2,1,2,1,1,1,1,Yes
46,Non-Travel,253,Sales,13,4,Human Resources,1,173,4,Male,39,3,3,Research Scientist,1,Married,1835,22584,4,Y,No,20,3,1,80,1,14,1,4,5,1,0,5,No
22,Travel_Frequently,198,Sales,12,2,Other,1,174,3,Female,48,1,4,Manager,3,Divorced,7679,25854,6,Y,Yes,17,3,4,80,0,10,4,2,6,2,3,1,No
32,Non-Travel,1023,Sales,14,1,Life Sciences,1,175,3,Male,97,2,3,Laboratory Technician,1,Married,2417,16208,2,Y,No,25,3,4,80,2,8,4,4,2,1,2,2,No
59,Travel_Frequently,570,Research & Development,21,4,Marketing,1,176,3,Male,98,3,5,Research Director,2,Divorced,5468,6776,8,Y,Yes,23,3,4,80,1,7,5,1,7,2,2,0,Yes
56,Non-Travel,943,Sales,6,3,Other,1,177,3,Female,65,3,1,Healthcare Representative,1,Divorced,2853,24412,6,Y,No,20,3,2,80,1,16,4,1,2,1,0,0,Yes
53,Travel_Rarely,409,Research & Development,21,1,Medical,1,178,4,Female,88,3,2,Sales Executive,2,Single,2855,16367,1,Y,Yes,25,3,1,80,2,21,1,2,17,3,0,2,No
42,Travel_Rarely,1204,Research & Development,9,2,Life Sciences,1,179,4,Female,44,4,3,Manager,2,Divorced,5356,21456,6,Y,No,20,4,2,80,0,9,0,2,7,3,3,0,Yes
30,Non-Travel,1460,Research & Development,17,4,Medical,1,180,4,Female,76,1,1,Human Resources,1,Single,2893,9106,9,Y,No,25,4,4,80,3,5,3,2,1,1,0,1,No
52,Travel_Rarely,1001,Sales,25,1,Technical Degree,1,181,1,Male,69,3,5,Sales Representative,1,Married,4768,19860,5,Y,No,18,4,4,80,3,4,5,3,2,2,2,0,No
60,Travel_Frequently,527,Human Resources,23,2,Life Sciences,1,182,4,Female,51,3,1,Sales Representative,1,Single,6169,12758,7,Y,No,17,3,2,80,3,12,6,3,9,1,1,0,Yes
25,Non-Travel,239,Human Resources,17,1,Marketing,1,183,1,Male,86,4,5,Research Director,2,Married,5089,2887,0,Y,Yes,24,3,4,80,0,12,2,2,2,1,0,0,Yes
56,Non-Travel,490,Human Resources,15,3,Life Sciences,1,184,4,Female,83,1,4,Sales Representative,1,Married,3569,24295,1,Y,No,25,3,1,80,0,17,1,2,12,3,1,0,Yes
23,Non-Travel,524,Sales,17,3,Other,1,185,1,Male,32,2,2,Research Scientist,1,Divorced,5967,16114,1,Y,Yes,22,3,2,80,1,7,1,3,4,1,1,0,No
55,Non-Travel,1231,Research & Development,19,4,Other,1,186,3,Male,95,2,5,Manager,2,Single,5010,17253,2,Y,Yes,16,3,2,80,0,4,0,4,1,1,1,1,Yes
53,Non-Travel,990,Sales,24,4,Medical,1,187,2,Male,59,1,5,Laboratory Technician,4,Single,14438,6396,3,Y,No,17,3,1,80,3,5,2,1,1,1,0,1,Yes
59,Non-Travel,756,Human Resources,10,2,Human Resources,1,188,3,Female,83,2,3,Research Director,4,Divorced,3014,9674,4,Y,No,25,3,4,80,2,11,6,4,6,1,1,3,No
43,Travel_Frequently,468,Sales,21,4,Other,1,189,3,Female,92,1,1,Research Director,2,Married,13130,6164,1,Y,Yes,18,3,1,80,1,11,2,2,5,1,1,3,Yes
35,Travel_Frequently,738,Sales,19,4,Technical Degree,1,190,3,Male,92,1,3,Healthcare Representative,2,Single,6437,2869,0,Y,No,17,3,2,80,3,3,2,2,2,1,0,2,No
23,Non-Travel,748,Sales,18,3,Human Resources,1,191,1,Female,31,1,2,Research Scientist,3,Married,3647,7307,5,Y,Yes,20,4,2,80,3,13,2,1,9,5,3,1,Yes
39,Travel_Frequently,871,Human Resources,22,5,Human Resources,1,192,3,Female,83,4,4,Manufacturing Director,4,Divorced,8409,5278,0,Y,Yes,17,3,2,80,1,19,1,1,7,2,0,0,No
46,Travel_Frequently,1063,Research & Development,5,1,Other,1,193,4,Male,41,4,3,Research Scientist,4,Divorced,7296,23225,6,Y,Yes,19,4,1,80,2,9,1,4,7,3,4,5,Yes
49,Travel_Frequently,1300,Human Resources,10,2,Human Resources,1,194,3,Male,90,1,3,Research Director,1,Married,5825,20978,6,Y,No,16,3,2,80,0,20,1,3,7,4,3,5,No
20,Travel_Frequently,752,Research & Development,14,4,Other,1,195,3,Male,52,1,1,Sales Representative,3,Divorced,4418,5687,4,Y,No,12,4,2,80,3,8,1,2,2,2,0,0,Yes
34,Non-Travel,1073,Sales,26,2,Technical Degree,1,196,3,Female,65,2,1,Human Resources,2,Married,4823,13803,6,Y,Yes,17,3,2,80,2,5,5,4,3,3,1,3,Yes
26,Travel_Frequently,1101,Human Resources,1,5,Marketing,1,197,2,Female,42,2,1,Laboratory Technician,2,Single,2223,6188,0,Y,Yes,15,4,1,80,2,18,1,1,4,3,0,1,Yes
20,Travel_Rarely,292,Research & Development,17,1,Other,1,198,3,Male,54,3,5,Manager,3,Divorced,1919,9374,4,Y,No,21,3,4,80,3,5,0,2,1,1,1,1,Yes
18,Travel_Frequently,1322,Sales,14,5,Medical,1,199,3,Male,48,2,1,Manager,1,Married,8367,6994,4,Y,No,24,3,4,80,1,6,2,4,1,1,0,0,Yes
39,Travel_Rarely,391,Sales,15,4,Marketing,1,200,4,Male,86,1,5,Laboratory Technician,2,Divorced,4676,17169,5,Y,Yes,25,4,4,80,0,10,2,2,3,1,0,0,No
31,Non-Travel,942,Human Resources,26,3,Technical Degree,1,201,4,Male,59,3,2,Laboratory Technician,2,Single,3596,11471,0,Y,Yes,19,4,3,80,3,5,1,1,2,2,0,0,No
53,Non-Travel,1491,Human Resources,13,2,Technical Degree,1,202,4,Male,93,4,5,Laboratory Technician,3,Married,4481,23062,8,Y,No,25,4,2,80,0,10,1,1,6,2,0,2,No
38,Non-Travel,943,Sales,10,5,Marketing,1,203,1,Female,40,2,3,Research Director,1,Single,7274,9404,1,Y,Yes,24,4,2,80,3,13,2,3,4,3,1,2,Yes
29,Travel_Frequently,835,Research & Development,17,1,Other,1,204,3,Female,96,2,3,Manufacturing Director,2,Married,5740,24588,0,Y,No,24,4,4,80,3,16,4,2,3,2,0,3,No
24,Travel_Frequently,986,Human Resources,6,4,Medical,1,205,2,Male,62,4,1,Human Resources,1,Divorced,7510,8718,5,Y,Yes,16,4,1,80,3,13,2,3,7,4,1,0,No
23,Travel_Frequently,554,Sales,8,5,Human Resources,1,206,2,Male,47,2,3,Research Director,1,Divorced,2653,19589,5,Y,Yes,21,4,4,80,2,10,4,3,3,1,3,3,Yes
20,Travel_Frequently,1016,Sales,19,3,Human Resources,1,207,2,Male,77,1,3,Healthcare Representative,2,Married,4681,2165,7,Y,Yes,12,3,4,80,3,11,6,3,1,1,1,0,No
20,Travel_Frequently,438,Sales,25,4,Life Sciences,1,208,1,Female,58,3,3,Research Director,3,Single,3820,5521,9,Y,No,23,3,1,80,3,13,2,3,4,4,4,4,No
45,Travel_Rarely,1236,Sales,10,4,Marketing,1,209,2,Male,54,2,3,Sales Representative,4,Single,2355,21345,6,Y,No,16,3,4,80,2,25,2,1,22,8,1,0,No
42,Travel_Rarely,932,Human Resources,7,4,Medical,1,210,1,Male,44,4,4,Manager,2,Married,5274,11941,1,Y,No,25,3,1,80,1,7,5,2,5,1,0,4,No
60,Travel_Frequently,1307,Sales,26,5,Human Resources,1,211,1,Male,95,1,1,Research Director,2,Single,1814,22259,5,Y,Yes,20,3,4,80,3,16,2,2,5,5,2,0,Yes
43,Non-Travel,538,Sales,16,3,Human Resources,1,212,3,Female,74,3,3,Human Resources,1,Single,1763,9382,7,Y,No,25,3,3,80,2,4,3,1,1,1,1,1,Yes
25,Travel_Rarely,1187,Sales,10,5,Technical Degree,1,213,3,Female,40,2,2,Sales Executive,3,Single,4117,4411,9,Y,Yes,12,3,4,80,1,3,5,4,3,2,0,0,No
54,Travel_Rarely,683,Research & Development,8,4,Other,1,214,4,Male,52,4,3,Human Resources,2,Divorced,3190,18575,7,Y,Yes,23,4,2,80,2,12,3,1,4,4,0,1,Yes
53,Travel_Rarely,1499,Sales,23,2,Human Resources,1,215,3,Female,40,4,5,Manager,4,Single,6617,14773,9,Y,Yes,18,3,4,80,3,15,3,2,1,1,1,1,Yes
48,Non-Travel,280,Research & Development,24,2,Human Resources,1,216,1,Male,51,1,1,Research Scientist,4,Married,3719,18913,2,Y,No,22,3,3,80,1,11,6,3,2,2,1,2,Yes
34,Travel_Frequently,1161,Research & Development,19,4,Other,1,217,3,Male,77,2,4,Manager,3,Married,4955,16680,7,Y,Yes,23,4,1,80,0,14,4,2,3,3,1,2,Yes
43,Non-Travel,1195,Human Resources,25,5,Other,1,218,4,Female,88,2,4,Research Scientist,1,Single,4121,11949,2,Y,Yes,22,3,1,80,1,20,1,4,9,2,0,7,Yes
25,Non-Travel,486,Research & Development,27,4,Technical Degree,1,219,1,Female,88,3,5,Laboratory Technician,3,Divorced,1768,14100,3,Y,Yes,19,3,3,80,1,16,4,2,7,1,1,2,No
21,Travel_Rarely,375,Sales,20,5,Marketing,1,220,1,Male,83,4,1,Research Director,1,Single,7833,2910,0,Y,Yes,18,3,4,80,1,2,2,1,1,1,1,1,No
43,Non-Travel,1395,Research & Development,23,2,Technical Degree,1,221,2,Female,46,2,5,Healthcare Representative,4,Married,6092,18881,1,Y,Yes,23,3,1,80,1,13,4,4,1,1,0,1,No
32,Travel_Frequently,664,Sales,23,4,Life Sciences,1,222,2,Female,62,1,4,Healthcare Representative,1,Married,9726,3717,0,Y,Yes,22,3,3,80,1,24,0,4,10,2,0,3,No
31,Non-Travel,238,Research & Development,7,3,Technical Degree,1,223,3,Female,46,1,2,Sales Representative,1,Married,5499,11940,4,Y,Yes,18,3,2,80,0,6,4,4,4,1,1,0,No
52,Non-Travel,1238,Research & Development,2,3,Marketing,1,224,3,Male,57,3,1,Manager,2,Divorced,6264,13410,7,Y,No,16,4,2,80,1,7,6,1,3,1,3,3,Yes
43,Non-Travel,1228,Human Resources,4,4,Marketing,1,225,2,Female,87,4,3,Laboratory Technician,2,Single,4333,26423,7,Y,Yes,21,4,1,80,1,3,1,4,3,3,3,3,Yes
25,Travel_Frequently,1022,Research & Development,9,4,Human Resources,1,226,3,Female,43,1,1,Healthcare Representative,3,Single,6799,7698,9,Y,No,18,3,1,80,1,17,3,4,12,2,0,0,No
41,Non-Travel,204,Sales,21,4,Technical Degree,1,227,2,Female,76,2,2,Manager,4,Divorced,6522,14427,6,Y,Yes,14,3,2,80,0,12,1,2,1,1,1,1,Yes
37,Travel_Frequently,983,Human Resources,6,5,Human Resources,1,228,3,Male,81,3,1,Sales Representative,1,Single,6970,11175,8,Y,Yes,20,4,2,80,0,21,2,4,8,1,0,0,No
44,Travel_Rarely,1303,Human Resources,17,3,Medical,1,229,1,Male,93,1,2,Research Director,1,Single,12768,3716,6,Y,No,15,3,1,80,1,18,4,1,10,2,0,2,Yes
18,Non-Travel,207,Human Resources,12,2,Medical,1,230,1,Female,92,4,5,Sales Executive,1,Married,7368,10923,9,Y,No,24,3,3,80,2,15,1,1,5,2,0,0,Yes
48,Non-Travel,484,Sales,1,1,Marketing,1,231,3,Female,83,2,5,Laboratory Technician,3,Married,5243,11424,5,Y,No,16,3,1,80,3,17,5,3,3,1,0,2,No
30,Non-Travel,528,Sales,6,3,Medical,1,232,2,Female,43,3,5,Sales Executive,3,Divorced,4226,21964,0,Y,No,25,4,4,80,2,14,3,2,1,1,1,0,No
40,Travel_Frequently,670,Sales,18,2,Other,1,233,4,Female,46,1,5,Healthcare Representative,3,Single,3808,16719,6,Y,No,25,3,3,80,2,8,6,4,3,2,2,3,No
37,Travel_Rarely,1440,Research & Development,29,1,Medical,1,234,3,Male,79,1,3,Manufacturing Director,4,Married,5000,25715,5,Y,Yes,20,4,4,80,2,15,6,2,4,2,0,0,No
45,Non-Travel,891,Research & Development,15,3,Marketing,1,235,3,Female,74,2,4,Research Scientist,3,Divorced,5164,6198,9,Y,Yes,23,3,4,80,2,12,5,2,5,1,0,0,No
46,Travel_Rarely,272,Research & Development,23,5,Other,1,236,2,Male,35,4,2,Healthcare Representative,1,Married,2301,20925,3,Y,Yes,23,3,2,80,2,16,1,4,3,2,0,3,Yes
23,Travel_Rarely,1219,Sales,4,4,Technical Degree,1,237,1,Male,70,3,5,Laboratory Technician,4,Married,4390,19109,7,Y,No,16,3,2,80,0,2,3,2,2,1,2,0,No
59,Non-Travel,1393,Human Resources,1,2,Life Sciences,1,238,1,Male,52,2,3,Laboratory Technician,1,Married,4708,21630,4,Y,No,25,4,4,80,2,7,5,1,1,1,0,0,No
42,Non-Travel,1148,Human Resources,14,3,Technical Degree,1,239,4,Female,77,2,2,Research Director,3,Divorced,6816,7578,4,Y,Yes,15,4,3,80,2,19,0,4,5,1,0,0,Yes
59,Travel_Frequently,582,Research & Development,21,3,Technical Degree,1,240,2,Female,45,2,1,Research Scientist,4,Single,7581,6586,9,Y,Yes,22,4,1,80,3,11,6,2,11,1,1,0,No
44,Non-Travel,1099,Sales,28,4,Life Sciences,1,241,1,Male,72,1,5,Sales Representative,1,Divorced,10744,22855,3,Y,Yes,15,4,2,80,3,15,3,4,1,1,0,1,Yes
54,Non-Travel,1194,Sales,13,4,Medical,1,242,4,Female,66,1,3,Manager,3,Divorced,6036,14515,3,Y,No,13,4,2,80,0,10,4,3,1,1,1,1,No
42,Non-Travel,1049,Research & Development,4,5,Human Resources,1,243,3,Female,63,1,3,Manufacturing Director,2,Single,3284,20293,3,Y,No,16,4,4,80,2,7,3,1,3,3,0,1,No
23,Non-Travel,1132,Sales,4,2,Medical,1,244,2,Male,34,4,3,Human Resources,1,Single,2507,2277,9,Y,No,14,4,4,80,1,12,4,2,9,4,1,2,No
21,Travel_Rarely,387,Human Resources,2,3,Life Sciences,1,245,4,Male,39,2,2,Sales Executive,4,Divorced,7680,26535,0,Y,No,24,4,3,80,2,13,0,3,9,1,1,4,No
43,Non-Travel,1348,Human Resources,11,4,Other,1,246,4,Male,94,3,4,Sales Representative,1,Married,12268,25145,6,Y,No,12,3,4,80,3,3,3,3,3,1,0,3,No
60,Travel_Rarely,907,Research & Development,1,5,Other,1,247,4,Female,71,3,5,Research Director,2,Married,2971,3260,5,Y,No,19,4,2,80,2,10,2,1,1,1,1,0,Yes
42,Travel_Frequently,300,Sales,10,1,Technical Degree,1,248,2,Female,77,4,4,Laboratory Technician,2,Married,4138,15746,3,Y,Yes,18,3,2,80,2,22,0,2,11,1,1,4,Yes
54,Non-Travel,773,Sales,26,4,Marketing,1,249,2,Female,99,4,5,Manager,4,Married,11060,9189,3,Y,Yes,18,3,4,80,0,16,4,4,3,1,1,2,No
40,Travel_Rarely,1064,Human Resources,4,5,Marketing,1,250,4,Male,99,4,1,Human Resources,1,Married,13037,26150,6,Y,Yes,24,4,1,80,0,11,5,3,1,1,1,1,Yes
44,Travel_Rarely,1368,Sales,3,1,Life Sciences,1,251,4,Female,83,2,5,Laboratory Technician,3,Married,10589,26275,2,Y,No,15,3,1,80,1,7,6,1,7,1,0,3,No
22,Non-Travel,740,Sales,20,4,Other,1,252,3,Female,68,3,3,Manager,1,Single,3538,16389,9,Y,Yes,13,4,2,80,2,8,0,3,2,1,0,1,Yes
34,Travel_Frequently,230,Human Resources,28,3,Marketing,1,253,1,Female,49,1,4,Research Director,3,Single,8721,22469,2,Y,Yes,16,3,1,80,2,4,4,1,4,3,0,1,No
39,Travel_Rarely,957,Human Resources,16,3,Medical,1,254,2,Female,52,3,5,Research Director,4,Single,4829,22616,3,Y,Yes,18,3,4,80,2,9,2,4,2,1,1,0,Yes
28,Travel_Frequently,1041,Human Resources,20,1,Human Resources,1,255,2,Male,94,3,3,Research Director,4,Single,8535,22341,7,Y,No,17,3,3,80,0,6,3,1,1,1,1,1,Yes
29,Travel_Frequently,699,Research & Development,16,1,Marketing,1,256,1,Male,83,1,4,Manager,2,Married,6232,11290,0,Y,Yes,17,3,3,80,3,15,5,1,2,2,0,0,Yes
45,Non-Travel,1287,Sales,14,3,Marketing,1,257,2,Male,46,3,4,Manager,1,Married,1971,23164,7,Y,No,19,3,2,80,1,7,2,3,7,2,1,1,No
55,Travel_Rarely,1401,Research & Development,17,2,Life Sciences,1,258,1,Female,70,2,2,Research Scientist,1,Married,7877,2390,1,Y,No,16,3,4,80,0,9,0,4,3,2,0,0,No
34,Travel_Rarely,556,Research & Development,29,3,Human Resources,1,259,4,Female,53,3,4,Laboratory Technician,2,Divorced,10407,10947,8,Y,Yes,12,4,4,80,0,2,2,3,1,1,1,1,Yes
54,Travel_Frequently,1162,Sales,9,4,Human Resources,1,260,2,Female,59,2,3,Manager,2,Single,7740,20539,3,Y,Yes,12,3,1,80,2,10,6,1,1,1,0,1,Yes
40,Travel_Rarely,1224,Human Resources,18,5,Technical Degree,1,261,2,Female,71,1,2,Manager,1,Divorced,3006,9797,6,Y,No,19,4,4,80,2,6,4,1,4,4,1,1,Yes
19,Travel_Frequently,373,Human Resources,3,3,Other,1,262,2,Female,67,1,2,Human Resources,1,Married,2187,17966,9,Y,Yes,21,4,3,80,1,10,3,1,5,1,1,0,Yes
19,Travel_Frequently,243,Human Resources,14,4,Human Resources,1,263,4,Female,80,3,1,Research Scientist,1,Divorced,6137,11145,5,Y,Yes,15,4,2,80,0,13,2,2,7,2,1,1,Yes
24,Non-Travel,877,Research & Development,28,5,Life Sciences,1,264,3,Female,64,2,4,Manufacturing Director,3,Single,8524,5365,2,Y,No,13,3,4,80,2,5,3,3,3,1,0,0,Yes
40,Travel_Rarely,1116,Human Resources,7,2,Human Resources,1,265,1,Male,51,4,1,Manufacturing Director,1,Single,5432,4313,7,Y,Yes,18,3,1,80,1,5,3,1,1,1,0,0,Yes
31,Travel_Frequently,233,Research & Development,15,5,Other,1,266,3,Male,54,2,5,Laboratory Technician,3,Married,4935,20203,1,Y,No,21,4,3,80,0,12,3,3,2,1,0,2,No
26,Non-Travel,422,Human Resources,26,5,Medical,1,267,1,Male,98,1,4,Sales Executive,2,Divorced,4102,26942,1,Y,No,12,3,3,80,0,3,1,3,2,1,2,0,No
28,Travel_Frequently,849,Research & Development,14,5,Marketing,1,268,4,Male,94,3,3,Human Resources,3,Married,4759,8869,6,Y,No,18,3,2,80,3,17,6,4,8,1,1,2,No
36,Non-Travel,226,Human Resources,3,5,Technical Degree,1,269,2,Male,83,2,4,Healthcare Representative,4,Single,3360,22923,7,Y,No,22,4,2,80,3,3,4,1,1,1,1,1,No
40,Travel_Frequently,590,Sales,18,1,Other,1,270,1,Male,86,3,3,Healthcare Representative,1,Divorced,5010,4987,1,Y,No,18,3,3,80,3,16,2,2,3,2,1,0,Yes
44,Non-Travel,395,Research & Development,16,5,Marketing,1,271,1,Female,78,3,4,Human Resources,1,Single,7628,14021,4,Y,No,22,3,4,80,0,13,1,1,4,4,0,1,No
28,Travel_Rarely,1198,Research & Development,14,2,Marketing,1,272,4,Male,32,3,5,Manager,3,Married,2867,19632,7,Y,Yes,13,3,4,80,0,14,3,1,2,2,0,0,Yes
18,Non-Travel,822,Research & Development,25,3,Technical Degree,1,273,1,Male,30,2,3,Healthcare Representative,1,Single,5511,20255,7,Y,No,17,3,2,80,0,11,4,1,9,2,1,1,No
49,Travel_Rarely,1101,Human Resources,10,1,Life Sciences,1,274,4,Male,47,4,4,Healthcare Representative,1,Single,8409,18862,3,Y,Yes,25,3,1,80,0,22,1,4,8,1,0,1,No
22,Non-Travel,871,Human Resources,10,5,Medical,1,275,2,Male,90,3,1,Manufacturing Director,4,Single,15550,2066,8,Y,No,24,4,3,80,2,17,4,1,5,3,0,0,Yes
30,Non-Travel,172,Research & Development,20,2,Medical,1,276,2,Male,85,4,5,Research Scientist,3,Divorced,2345,13469,9,Y,Yes,13,4,3,80,2,12,0,3,5,1,5,1,Yes
34,Non-Travel,693,Research & Development,11,4,Medical,1,277,4,Female,98,3,3,Research Director,4,Married,12875,19874,7,Y,No,19,4,3,80,0,8,3,3,6,1,2,0,No
36,Non-Travel,404,Sales,25,3,Other,1,278,4,Male,71,1,5,Manufacturing Director,1,Single,2910,3030,9,Y,No,12,4,1,80,1,15,1,3,13,1,3,1,No
34,Travel_Frequently,998,Sales,11,5,Technical Degree,1,279,2,Male,80,2,5,Sales Executive,2,Divorced,2779,20278,7,Y,No,13,4,4,80,3,13,5,3,2,1,2,2,No
46,Non-Travel,1158,Sales,27,3,Human Resources,1,280,2,Male,36,3,1,Healthcare Representative,3,Married,7038,2463,5,Y,No,17,4,3,80,0,9,2,3,6,3,2,3,No
53,Non-Travel,471,Human Resources,15,3,Technical Degree,1,281,4,Male,43,3,5,Human Resources,1,Divorced,2059,17454,0,Y,No,22,4,3,80,1,5,1,2,3,3,3,0,Yes
23,Travel_Rarely,486,Sales,15,5,Other,1,282,1,Female,90,4,4,Manager,1,Divorced,6990,25308,0,Y,No,12,4,2,80,0,8,4,2,2,2,0,1,No
48,Travel_Frequently,1332,Sales,5,1,Human Resources,1,283,4,Male,90,1,3,Manager,1,Single,4403,9951,1,Y,No,20,3,3,80,0,2,1,3,1,1,1,1,No
51,Travel_Rarely,424,Human Resources,5,4,Technical Degree,1,284,4,Male,45,3,1,Manager,1,Single,3001,15799,8,Y,Yes,15,3,1,80,1,14,0,3,6,1,4,5,Yes
39,Travel_Frequently,1060,Sales,1,1,Technical Degree,1,285,4,Male,33,4,5,Sales Executive,2,Married,6474,25834,0,Y,No,22,3,1,80,2,12,3,4,6,5,6,0,No
40,Travel_Frequently,112,Research & Development,24,2,Other,1,286,2,Female,72,3,5,Sales Executive,2,Divorced,6983,15264,1,Y,Yes,17,3,2,80,1,6,1,2,6,1,0,4,Yes
35,Travel_Frequently,1016,Sales,26,1,Medical,1,287,3,Female,76,4,2,Research Director,3,Divorced,5564,13461,3,Y,No,18,3,2,80,3,30,0,2,20,4,0,0,No
24,Travel_Frequently,710,Human Resources,29,3,Human Resources,1,288,4,Male,58,3,1,Healthcare Representative,2,Single,2180,21041,0,Y,Yes,25,3,3,80,1,7,0,2,1,1,0,0,Yes
39,Travel_Frequently,996,Research & Development,20,5,Other,1,289,1,Female,99,1,1,Manager,3,Divorced,3005,11088,4,Y,Yes,15,4,3,80,0,3,5,4,2,1,0,0,No
53,Non-Travel,634,Human Resources,7,4,Technical Degree,1,290,1,Female,63,2,5,Research Scientist,4,Single,8065,23709,6,Y,Yes,13,3,2,80,1,19,4,1,11,5,1,4,Yes
49,Travel_Rarely,1001,Human Resources,13,1,Human Resources,1,291,3,Male,52,2,5,Human Resources,3,Single,11776,5918,9,Y,No,11,4,1,80,2,3,2,1,1,1,1,1,No
50,Non-Travel,1277,Research & Development,3,3,Medical,1,292,3,Female,58,2,1,Research Scientist,1,Single,3056,21112,6,Y,No,17,3,2,80,3,16,6,2,3,2,3,3,No
31,Non-Travel,1016,Research & Development,28,1,Technical Degree,1,293,1,Female,92,3,2,Laboratory Technician,3,Divorced,6436,16271,7,Y,Yes,19,3,4,80,0,17,5,3,4,4,3,0,No
53,Non-Travel,1338,Human Resources,28,2,Life Sciences,1,294,1,Female,54,1,3,Healthcare Representative,1,Married,5477,21621,8,Y,Yes,23,3,1,80,3,11,4,1,3,2,0,1,No
41,Travel_Rarely,1053,Human Resources,11,5,Technical Degree,1,295,1,Female,47,3,5,Research Scientist,4,Divorced,6225,26428,0,Y,Yes,12,3,4,80,3,8,4,1,1,1,0,1,Yes
46,Travel_Frequently,1499,Sales,24,3,Life Sciences,1,296,4,Female,38,1,3,Research Scientist,3,Married,4417,17323,4,Y,Yes,17,3,2,80,3,5,1,1,2,2,2,0,No
35,Travel_Frequently,687,Human Resources,17,3,Technical Degree,1,297,3,Female,78,3,2,Sales Representative,3,Married,3954,22167,3,Y,No,14,4,2,80,2,21,5,2,10,2,1,0,Yes
18,Travel_Rarely,1323,Human Resources,29,4,Other,1,298,2,Female,45,4,1,Human Resources,2,Single,6193,17146,9,Y,Yes,20,3,2,80,0,10,4,4,1,1,0,1,No
43,Travel_Rarely,880,Research & Development,14,2,Other,1,299,4,Male,55,1,4,Human Resources,4,Single,4704,23475,7,Y,Yes,12,3,1,80,2,14,6,1,3,3,2,3,No
19,Travel_Frequently,1306,Research & Development,12,2,Human Resources,1,300,4,Female,45,3,2,Human Resources,4,Single,6465,19916,5,Y,Yes,23,4,2,80,1,3,3,4,1,1,1,1,Yes
57,Travel_Rarely,456,Sales,16,3,Other,1,301,1,Male,40,3,3,Healthcare Representative,2,Single,8798,2534,4,Y,No,15,3,3,80,2,12,4,2,2,2,0,0,No
38,Travel_Rarely,571,Sales,29,3,Life Sciences,1,302,3,Male,43,3,2,Manufacturing Director,4,Divorced,4704,2363,6,Y,Yes,24,3,1,80,1,17,1,1,8,3,0,1,Yes
18,Travel_Rarely,1244,Human Resources,4,2,Other,1,303,1,Male,48,2,4,Sales Executive,1,Married,13462,10521,1,Y,No,16,4,3,80,2,6,6,1,1,1,1,1,Yes
25,Travel_Rarely,568,Sales,20,4,Human Resources,1,304,1,Female,43,4,2,Sales Executive,1,Single,9370,11045,4,Y,No,22,3,2,80,2,5,3,4,2,1,0,1,No
43,Travel_Rarely,1174,Human Resources,18,3,Marketing,1,305,2,Male,50,4,5,Manager,1,Divorced,1739,12278,7,Y,Yes,11,3,2,80,3,11,3,1,11,1,1,5,Yes
59,Non-Travel,643,Research & Development,10,2,Human Resources,1,306,1,Male,52,2,1,Sales Executive,4,Divorced,4187,18615,6,Y,No,23,3,1,80,1,4,1,3,1,1,1,0,No
52,Non-Travel,408,Sales,10,4,Other,1,307,1,Female,40,2,2,Manager,2,Divorced,4051,21619,0,Y,No,25,4,4,80,0,12,3,2,5,1,1,1,No
36,Travel_Frequently,239,Research & Development,24,2,Technical Degree,1,308,1,Male,37,2,1,Laboratory Technician,4,Divorced,7733,18388,9,Y,No,24,4,3,80,0,1,2,2,1,1,1,0,Yes
29,Non-Travel,1381,Sales,5,2,Medical,1,309,2,Female,45,3,4,Healthcare Representative,1,Single,5539,13022,4,Y,No,23,4,3,80,1,15,3,1,4,4,0,1,No
32,Travel_Rarely,1023,Human Resources,3,4,Technical Degree,1,310,1,Male,99,1,4,Human Resources,3,Married,6001,9787,9,Y,Yes,23,4,3,80,0,8,4,4,1,1,0,1,Yes
56,Travel_Frequently,715,Sales,16,5,Life Sciences,1,311,2,Male,54,4,4,Research Director,2,Single,4047,22836,0,Y,No,22,3,4,80,0,4,5,4,1,1,0,1,Yes
22,Travel_Rarely,717,Human Resources,13,2,Medical,1,312,2,Male,71,2,4,Sales Executive,1,Married,4218,18928,6,Y,Yes,18,3,4,80,0,22,2,2,16,1,0,0,No
32,Travel_Rarely,962,Research & Development,18,4,Medical,1,313,1,Male,65,1,3,Healthcare Representative,1,Divorced,4533,18956,4,Y,Yes,12,3,3,80,1,5,6,1,2,1,0,2,No
21,Non-Travel,1330,Research & Development,28,2,Human Resources,1,314,4,Male,98,2,2,Manufacturing Director,1,Married,3595,25718,9,Y,Yes,11,3,3,80,3,4,2,2,3,1,3,0,Yes
55,Travel_Frequently,346,Research & Development,15,3,Human Resources,1,315,3,Female,84,4,1,Sales Representative,4,Married,6755,8617,8,Y,No,25,4,3,80,2,9,3,4,2,2,1,1,No
53,Travel_Rarely,1116,Research & Development,18,4,Other,1,316,1,Female,84,1,4,Research Director,3,Married,2182,25595,9,Y,Yes,17,4,4,80,2,7,6,4,6,3,0,1,Yes
34,Non-Travel,519,Research & Development,4,4,Medical,1,317,4,Male,48,1,4,Sales Executive,3,Single,8717,8571,4,Y,No,14,3,2,80,1,15,4,3,2,1,2,1,No
30,Travel_Frequently,1481,Human Resources,27,4,Medical,1,318,4,Male,80,1,1,Sales Representative,4,Married,4679,19264,6,Y,Yes,24,4,2,80,0,10,0,1,1,1,0,0,Yes
48,Non-Travel,1115,Sales,1,5,Other,1,319,3,Female,78,4,2,Research Director,4,Married,6889,13529,5,Y,No,19,3,3,80,1,4,2,1,3,1,3,0,No
40,Travel_Frequently,255,Human Resources,5,5,Medical,1,320,2,Female,76,2,1,Research Director,1,Single,4599,3407,0,Y,Yes,11,4,3,80,1,9,4,3,1,1,0,0,Yes
55,Non-Travel,300,Research & Development,17,5,Other,1,321,2,Male,48,3,2,Laboratory Technician,2,Divorced,12231,18698,3,Y,Yes,19,3,3,80,2,2,1,3,2,1,2,2,No
22,Travel_Rarely,1204,Sales,7,4,Technical Degree,1,322,4,Male,74,4,1,Sales Executive,1,Divorced,4363,9837,3,Y,Yes,18,4,1,80,3,32,2,4,22,1,2,2,Yes
36,Travel_Rarely,740,Sales,15,4,Human Resources,1,323,1,Female,44,4,4,Sales Executive,1,Married,2240,18802,5,Y,Yes,21,3,1,80,3,6,3,1,6,1,0,4,Yes
27,Non-Travel,202,Human Resources,28,2,Technical Degree,1,324,4,Male,75,4,3,Research Director,4,Single,9679,25057,6,Y,No,11,4,2,80,3,15,5,3,2,1,2,1,Yes
35,Non-Travel,1378,Human Resources,19,3,Marketing,1,325,2,Male,34,2,4,Healthcare Representative,2,Divorced,4038,11219,6,Y,No,14,3,4,80,3,11,1,3,4,3,0,0,No
37,Travel_Rarely,187,Sales,25,1,Human Resources,1,326,3,Male,86,3,4,Research Scientist,2,Single,3624,8276,1,Y,Yes,20,4,4,80,2,16,1,2,2,1,1,2,Yes
34,Travel_Frequently,218,Research & Development,2,2,Technical Degree,1,327,2,Male,74,2,3,Manager,2,Married,7255,10609,5,Y,No,12,4,2,80,3,12,2,3,6,2,0,6,No
20,Travel_Frequently,1392,Sales,24,2,Other,1,328,4,Male,39,3,1,Manufacturing Director,4,Divorced,2820,18005,2,Y,Yes,15,3,1,80,2,1,4,3,1,1,0,1,Yes
41,Non-Travel,913,Research & Development,14,5,Technical Degree,1,329,3,Male,35,1,4,Sales Representative,4,Divorced,2783,23744,2,Y,Yes,11,3,2,80,0,6,4,4,3,3,0,0,No
43,Travel_Frequently,326,Sales,28,2,Other,1,330,4,Female,98,4,5,Research Director,1,Divorced,3145,12932,7,Y,Yes,20,3,1,80,3,5,5,4,3,1,1,0,No
22,Travel_Rarely,261,Sales,3,3,Other,1,331,1,Female,95,2,1,Manufacturing Director,3,Married,12035,24943,3,Y,Yes,19,3,2,80,3,4,0,4,1,1,0,1,No
28,Non-Travel,1193,Human Resources,6,2,Human Resources,1,332,4,Male,66,1,4,Healthcare Representative,1,Single,5290,22245,1,Y,No,25,4,3,80,1,14,5,2,1,1,0,1,Yes
48,Non-Travel,324,Sales,16,3,Technical Degree,1,333,2,Male,57,2,5,Laboratory Technician,1,Married,2918,5535,4,Y,Yes,17,4,1,80,2,9,4,4,3,3,1,0,Yes
44,Non-Travel,664,Human Resources,27,5,Human Resources,1,334,3,Female,82,3,2,Sales Representative,4,Married,3128,2350,2,Y,Yes,19,4,2,80,0,15,1,3,1,1,1,1,No
46,Non-Travel,165,Human Resources,27,4,Other,1,335,3,Female,94,3,3,Research Scientist,3,Single,8434,12910,6,Y,Yes,11,3,3,80,1,21,3,3,8,8,0,0,No
27,Non-Travel,329,Sales,29,2,Human Resources,1,336,2,Female,65,2,5,Manager,1,Married,7874,21950,5,Y,Yes,11,3,2,80,0,12,5,2,1,1,1,1,Yes
55,Travel_Rarely,358,Research & Development,20,5,Marketing,1,337,4,Female,84,3,5,Research Director,2,Married,4147,18821,5,Y,Yes,20,3,2,80,2,2,5,2,2,2,2,1,No
50,Travel_Rarely,299,Human Resources,19,5,Human Resources,1,338,4,Female,49,4,2,Sales Representative,2,Single,4564,12270,1,Y,Yes,19,4,4,80,0,8,6,2,4,1,2,2,Yes
33,Non-Travel,1216,Sales,16,4,Other,1,339,4,Male,67,3,5,Sales Representative,1,Divorced,4356,17864,8,Y,No,19,3,4,80,0,11,1,1,3,3,2,2,Yes
45,Travel_Rarely,1165,Sales,4,1,Marketing,1,340,3,Female,87,2,2,Research Scientist,1,Married,5672,16196,0,Y,No,17,3,2,80,3,15,0,2,6,3,0,2,Yes
23,Travel_Frequently,1491,Sales,20,1,Technical Degree,1,341,1,Female,30,1,4,Laboratory Technician,1,Single,8380,21933,8,Y,Yes,25,3,2,80,2,12,2,4,5,2,0,2,Yes
43,Non-Travel,639,Human Resources,4,3,Human Resources,1,342,1,Female,83,3,1,Research Scientist,2,Married,6482,16090,0,Y,Yes,25,3,3,80,3,12,2,1,3,1,1,3,Yes
35,Non-Travel,1125,Research & Development,9,4,Human Resources,1,343,4,Male,65,4,4,Research Scientist,1,Divorced,2137,21456,7,Y,Yes,13,4,1,80,2,23,0,4,9,1,1,4,No
39,Travel_Frequently,280,Sales,4,4,Marketing,1,344,4,Female,65,4,5,Laboratory Technician,2,Married,4248,19871,8,Y,Yes,12,3,1,80,3,7,3,3,3,3,0,0,Yes
43,Travel_Frequently,660,Research & Development,5,2,Marketing,1,345,4,Female,77,2,3,Healthcare Representative,1,Single,7992,23602,9,Y,No,17,3,3,80,2,17,3,2,4,4,0,4,Yes
54,Non-Travel,369,Sales,23,4,Human Resources,1,346,3,Male,34,1,2,Research Director,2,Married,4650,12271,9,Y,Yes,21,3,1,80,0,19,1,1,7,2,1,1,Yes
35,Travel_Frequently,489,Sales,24,2,Human Resources,1,347,1,Female,33,2,2,Sales Representative,1,Married,6034,6016,6,Y,No,21,3,3,80,1,19,5,2,5,3,0,0,Yes
35,Travel_Frequently,1436,Human Resources,6,5,Marketing,1,348,4,Male,81,1,4,Laboratory Technician,2,Married,4378,24763,4,Y,No,16,4,3,80,0,18,0,2,10,1,0,1,Yes
47,Travel_Frequently,485,Research & Development,3,4,Other,1,349,1,Female,80,1,4,Manager,3,Divorced,6817,12550,6,Y,Yes,19,3,1,80,1,9,0,4,1,1,0,1,Yes
19,Travel_Frequently,157,Research & Development,10,4,Life Sciences,1,350,2,Male,85,3,1,Sales Representative,2,Divorced,3522,17332,6,Y,Yes,25,3,1,80,2,6,1,1,2,1,2,1,Yes
60,Non-Travel,1477,Human Resources,26,2,Technical Degree,1,351,1,Male,81,2,4,Sales Executive,2,Married,7624,9866,1,Y,No,21,4,4,80,1,17,1,1,7,3,6,0,No
57,Non-Travel,427,Sales,19,3,Technical Degree,1,352,4,Male,55,3,3,Sales Representative,4,Divorced,4345,26497,9,Y,No,23,4,1,80,0,22,2,1,8,2,2,0,Yes
40,Non-Travel,1064,Human Resources,17,2,Technical Degree,1,353,1,Female,51,3,5,Laboratory Technician,4,Single,2758,12912,6,Y,No,11,3,2,80,1,6,4,2,2,2,2,2,No
50,Non-Travel,1492,Research & Development,6,2,Human Resources,1,354,2,Female,47,3,1,Sales Representative,4,Divorced,3984,15275,9,Y,Yes,11,4,2,80,1,8,5,2,3,2,1,2,No
29,Non-Travel,700,Research & Development,13,5,Other,1,355,1,Male,39,1,3,Human Resources,1,Single,6986,2078,3,Y,Yes,12,3,1,80,1,2,2,2,1,1,1,1,Yes
59,Non-Travel,422,Research & Development,18,1,Human Resources,1,356,4,Male,34,3,3,Laboratory Technician,1,Divorced,14435,8749,3,Y,No,15,3,3,80,3,17,6,1,17,3,4,0,No
19,Travel_Rarely,1297,Research & Development,29,3,Life Sciences,1,357,4,Male,44,4,2,Sales Representative,1,Married,4749,26874,9,Y,Yes,11,3,2,80,3,11,6,2,1,1,1,1,Yes
43,Non-Travel,1427,Human Resources,1,5,Other,1,358,3,Male,47,1,5,Human Resources,1,Married,4126,19812,9,Y,No,21,4,4,80,3,24,4,1,16,3,4,0,No
20,Travel_Rarely,168,Human Resources,9,5,Marketing,1,359,3,Male,98,3,3,Human Resources,1,Married,6279,7057,7,Y,Yes,25,3,3,80,1,14,5,1,1,1,1,1,Yes
28,Non-Travel,638,Sales,3,2,Medical,1,360,3,Female,50,2,5,Research Scientist,4,Married,6462,2940,4,Y,No,23,4,3,80,0,9,5,4,1,1,1,1,No
49,Travel_Frequently,112,Sales,19,4,Marketing,1,361,4,Female,54,1,3,Human Resources,3,Single,3554,8475,4,Y,No,12,4,1,80,2,11,5,3,7,2,1,7,No
22,Travel_Rarely,315,Research & Development,18,4,Marketing,1,362,4,Male,45,2,4,Manager,4,Divorced,2888,25244,9,Y,Yes,17,3,2,80,3,10,5,4,3,3,0,1,Yes
57,Non-Travel,903,Research & Development,17,5,Medical,1,363,2,Male,70,2,2,Research Scientist,1,Divorced,3761,22625,6,Y,Yes,14,3,1,80,3,5,6,4,4,1,1,0,Yes
46,Travel_Frequently,1276,Research & Development,21,1,Technical Degree,1,364,3,Male,86,3,1,Human Resources,2,Married,5695,6700,3,Y,Yes,24,3,1,80,2,6,4,2,6,1,1,5,Yes
56,Travel_Frequently,830,Human Resources,6,3,Life Sciences,1,365,4,Male,63,4,1,Sales Representative,4,Married,14315,22823,4,Y,No,21,3,4,80,1,13,4,1,11,3,1,0,No
24,Travel_Rarely,623,Human Resources,3,1,Marketing,1,366,1,Male,79,3,4,Manufacturing Director,4,Divorced,9500,12000,8,Y,Yes,16,3,4,80,0,9,1,1,2,2,2,0,No
20,Travel_Frequently,325,Human Resources,15,5,Marketing,1,367,2,Male,43,2,2,Laboratory Technician,3,Married,1959,18343,9,Y,Yes,11,4,4,80,1,18,4,3,6,6,6,1,Yes
49,Non-Travel,236,Research & Development,28,3,Marketing,1,368,4,Female,49,2,2,Human Resources,2,Divorced,4693,7021,4,Y,No,22,3,3,80,2,5,2,3,1,1,1,1,No
47,Travel_Frequently,640,Research & Development,18,3,Human Resources,1,369,2,Male,31,4,4,Manager,4,Divorced,3277,26789,1,Y,No,16,3,2,80,2,16,2,4,2,1,0,0,No
46,Non-Travel,661,Human Resources,14,2,Medical,1,370,3,Female,38,3,3,Research Scientist,3,Single,3895,13723,2,Y,Yes,15,4,3,80,2,14,0,1,1,1,1,1,Yes
39,Non-Travel,1383,Sales,28,1,Medical,1,371,1,Female,64,1,5,Manager,2,Married,7392,15969,0,Y,Yes,18,3,1,80,3,5,0,3,1,1,0,1,Yes
31,Travel_Frequently,869,Research & Development,15,5,Other,1,372,1,Male,36,2,4,Laboratory Technician,2,Divorced,4883,8571,0,Y,Yes,24,3,4,80,1,16,2,2,4,1,0,0,Yes
55,Travel_Frequently,1486,Sales,28,4,Technical Degree,1,373,3,Male,52,1,2,Laboratory Technician,3,Married,3209,9637,9,Y,Yes,13,4,1,80,1,10,3,3,2,2,0,1,No
41,Non-Travel,199,Sales,5,1,Human Resources,1,374,1,Female,59,4,2,Sales Representative,1,Married,6233,9460,1,Y,No,17,4,3,80,1,9,6,4,5,5,0,0,No
55,Travel_Rarely,466,Research & Development,10,2,Life Sciences,1,375,4,Male,40,4,3,Research Director,3,Single,9566,3724,6,Y,No,24,3,2,80,2,24,1,1,10,2,2,2,Yes
59,Travel_Frequently,1162,Sales,23,3,Medical,1,376,4,Female,92,4,3,Human Resources,3,Divorced,1938,26859,4,Y,No,21,3,4,80,1,9,2,2,1,1,1,0,No
35,Travel_Frequently,1344,Sales,27,2,Human Resources,1,377,1,Female,31,1,1,Research Scientist,2,Divorced,4922,2737,6,Y,Yes,18,4,2,80,3,23,0,3,16,1,3,2,No
36,Travel_Rarely,388,Research & Development,8,5,Technical Degree,1,378,1,Male,37,1,2,Human Resources,2,Divorced,9090,22616,7,Y,Yes,17,3,2,80,2,6,6,1,3,1,3,3,Yes
20,Travel_Frequently,1131,Sales,7,3,Marketing,1,379,3,Male,78,2,5,Research Director,3,Married,3540,10539,7,Y,Yes,12,4,3,80,0,16,0,3,6,1,1,3,No
46,Non-Travel,1328,Sales,21,2,Human Resources,1,380,1,Female,98,2,3,Manufacturing Director,1,Divorced,4368,18448,3,Y,No,19,3,1,80,0,14,0,3,2,2,2,2,Yes
42,Travel_Rarely,923,Sales,8,1,Life Sciences,1,381,4,Female,33,1,4,Manufacturing Director,4,Divorced,5746,13042,3,Y,No,25,3,3,80,3,9,3,4,3,1,3,1,No
50,Non-Travel,495,Sales,7,3,Marketing,1,382,3,Female,91,4,2,Manager,4,Divorced,11982,14641,6,Y,No,17,4,1,80,3,8,3,1,2,2,1,2,No
45,Travel_Rarely,1263,Human Resources,5,1,Technical Degree,1,383,3,Male,43,3,1,Research Scientist,1,Married,6377,3014,4,Y,Yes,23,4,4,80,1,12,2,2,3,1,1,2,No
42,Travel_Rarely,521,Sales,3,5,Other,1,384,3,Female,66,3,2,Manufacturing Director,2,Single,8895,2391,0,Y,No,14,3,1,80,1,11,0,2,5,5,1,2,No
44,Non-Travel,353,Human Resources,29,2,Technical Degree,1,385,4,Female,45,1,3,Healthcare Representative,4,Married,3525,13767,7,Y,Yes,16,4,1,80,0,18,3,2,8,3,0,0,No
34,Non-Travel,1226,Sales,18,2,Other,1,386,4,Female,72,4,3,Sales Representative,2,Divorced,1894,10183,5,Y,No,19,4,2,80,3,12,0,4,1,1,1,0,Yes
48,Non-Travel,1437,Research & Development,27,5,Life Sciences,1,387,4,Male,83,2,3,Manager,4,Divorced,10634,4738,6,Y,No,15,3,2,80,2,12,5,4,4,2,1,1,No
51,Travel_Rarely,417,Human Resources,23,1,Human Resources,1,388,1,Female,32,3,4,Manager,2,Single,5129,9280,0,Y,No,21,3,3,80,3,6,1,1,1,1,1,0,No
53,Travel_Frequently,801,Research & Development,15,2,Marketing,1,389,4,Female,46,4,4,Healthcare Representative,1,Divorced,3148,6647,2,Y,Yes,13,3,1,80,2,11,2,3,3,3,0,2,No
35,Non-Travel,495,Research & Development,13,2,Life Sciences,1,390,3,Male,84,1,1,Manager,4,Single,7041,18676,3,Y,No,18,3,3,80,2,3,1,1,3,3,3,2,Yes
24,Travel_Frequently,1343,Sales,25,5,Life Sciences,1,391,3,Female,68,4,1,Research Director,4,Single,4286,7409,6,Y,Yes,21,4,4,80,1,4,4,3,1,1,1,1,No
28,Travel_Frequently,805,Research & Development,29,5,Life Sciences,1,392,1,Female,50,4,4,Laboratory Technician,3,Married,4879,7062,5,Y,Yes,18,4,1,80,1,18,0,2,6,2,0,1,Yes
43,Travel_Rarely,423,Human Resources,26,1,Technical Degree,1,393,1,Female,66,1,4,Laboratory Technician,2,Divorced,4618,15464,0,Y,Yes,25,3,3,80,1,11,1,2,5,5,1,1,Yes
30,Travel_Rarely,565,Sales,9,3,Medical,1,394,1,Female,84,2,5,Research Scientist,4,Single,4421,25524,9,Y,Yes,15,3,2,80,0,5,0,2,3,1,1,0,No
53,Travel_Rarely,567,Human Resources,1,4,Life Sciences,1,395,1,Female,50,2,4,Research Director,1,Single,4713,3755,7,Y,No,18,3,1,80,2,14,0,2,5,1,2,0,No
35,Travel_Rarely,1412,Research & Development,5,2,Technical Degree,1,396,1,Male,56,1,3,Research Scientist,3,Divorced,5088,23182,0,Y,Yes,18,3,1,80,0,15,6,4,3,1,0,2,Yes
51,Travel_Rarely,348,Research & Development,13,5,Technical Degree,1,397,2,Male,94,2,2,Healthcare Representative,2,Divorced,7059,23352,7,Y,Yes,19,4,3,80,1,11,2,4,2,2,0,1,Yes
52,Non-Travel,815,Human Resources,6,3,Other,1,398,4,Male,71,2,3,Sales Executive,4,Married,5067,3587,0,Y,No,23,3,1,80,1,7,0,4,4,4,1,0,No
27,Travel_Frequently,1179,Human Resources,11,5,Human Resources,1,399,4,Female,39,2,1,Laboratory Technician,2,Single,10837,13249,6,Y,Yes,25,3,2,80,3,9,0,4,7,2,1,2,No
60,Non-Travel,232,Sales,11,1,Other,1,400,2,Female,30,3,2,Research Scientist,1,Married,4209,26124,6,Y,No,15,4,3,80,3,11,5,4,2,1,0,0,Yes
50,Travel_Frequently,1331,Sales,24,5,Other,1,401,4,Male,83,2,2,Manufacturing Director,4,Single,7611,18805,0,Y,No,11,3,3,80,2,7,2,1,1,1,1,0,No
56,Non-Travel,1261,Human Resources,27,2,Marketing,1,402,2,Male,76,2,2,Sales Executive,4,Divorced,5834,24553,2,Y,Yes,11,4,2,80,1,4,1,1,2,2,1,2,No
44,Travel_Rarely,1078,Research & Development,4,4,Technical Degree,1,403,4,Female,74,4,1,Sales Executive,1,Single,4054,4047,5,Y,Yes,12,4,2,80,2,11,6,1,7,6,0,3,Yes
24,Non-Travel,586,Human Resources,19,5,Life Sciences,1,404,1,Female,93,2,5,Research Scientist,1,Married,1931,17008,1,Y,Yes,24,4,4,80,1,5,2,1,3,2,1,0,Yes
54,Travel_Frequently,1299,Human Resources,1,2,Human Resources,1,405,3,Male,57,3,1,Sales Representative,3,Married,6817,26188,9,Y,Yes,11,3,1,80,0,2,3,3,1,1,1,1,Yes
58,Travel_Frequently,1194,Sales,24,4,Medical,1,406,1,Male,35,3,2,Sales Executive,3,Single,5149,15320,0,Y,No,11,3,4,80,1,7,4,3,1,1,1,1,No
31,Travel_Frequently,1151,Human Resources,4,4,Technical Degree,1,407,4,Female,80,4,2,Human Resources,1,Single,16342,7660,1,Y,Yes,20,3,3,80,1,6,0,3,2,1,1,2,Yes
37,Non-Travel,209,Research & Development,16,1,Medical,1,408,2,Male,90,2,4,Research Scientist,1,Divorced,6113,15824,4,Y,No,25,3,4,80,2,20,6,4,9,6,0,0,Yes
51,Travel_Frequently,556,Human Resources,10,5,Other,1,409,1,Female,88,2,5,Research Scientist,2,Divorced,4468,9709,0,Y,Yes,21,4,4,80,0,17,1,1,3,3,0,2,Yes
42,Travel_Rarely,901,Sales,11,2,Technical Degree,1,410,2,Male,51,2,2,Sales Representative,2,Married,2324,18733,1,Y,Yes,20,4,1,80,0,15,1,1,4,4,0,1,Yes
27,Non-Travel,949,Human Resources,25,2,Life Sciences,1,411,2,Male,55,2,1,Laboratory Technician,2,Married,9657,23618,9,Y,No,17,4,1,80,0,5,5,2,1,1,1,1,Yes
56,Travel_Rarely,576,Human Resources,11,1,Marketing,1,412,4,Male,55,4,1,Healthcare Representative,3,Divorced,2307,24686,9,Y,No,20,3,4,80,2,10,6,1,10,4,0,1,No
26,Travel_Frequently,581,Sales,8,3,Technical Degree,1,413,1,Female,95,2,2,Sales Executive,4,Divorced,4924,24948,8,Y,Yes,11,3,2,80,2,6,3,3,1,1,1,0,Yes
31,Travel_Frequently,549,Human Resources,11,5,Technical Degree,1,414,1,Female,96,1,2,Research Scientist,4,Single,6609,19677,1,Y,No,11,3,4,80,1,3,1,4,1,1,1,1,No
36,Travel_Rarely,327,Sales,17,3,Marketing,1,415,1,Male,91,2,5,Manager,4,Divorced,5860,9844,3,Y,Yes,13,4,3,80,1,11,2,4,6,3,0,6,Yes
57,Travel_Rarely,312,Human Resources,20,4,Life Sciences,1,416,4,Male,97,3,5,Sales Executive,1,Single,8022,5144,3,Y,No,22,3,1,80,3,11,1,2,1,1,1,1,Yes
36,Travel_Rarely,1081,Sales,13,2,Human Resources,1,417,1,Female,43,1,4,Laboratory Technician,3,Single,4725,4399,0,Y,No,11,4,2,80,2,2,6,4,1,1,1,0,Yes
60,Travel_Frequently,695,Human Resources,16,3,Life Sciences,1,418,1,Female,78,3,3,Manager,1,Single,3558,25797,0,Y,Yes,24,3,4,80,2,14,1,3,3,1,1,3,Yes
47,Travel_Frequently,163,Human Resources,6,1,Life Sciences,1,419,2,Female,73,3,5,Sales Executive,3,Married,9932,3725,8,Y,No,14,3,3,80,1,16,5,4,3,1,2,1,No
26,Travel_Rarely,160,Human Resources,25,5,Marketing,1,420,4,Male,90,3,1,Research Director,2,Married,2685,23605,5,Y,No,24,4,2,80,2,14,0,2,8,1,4,1,No
18,Travel_Frequently,210,Sales,5,4,Human Resources,1,421,2,Female,49,1,3,Research Director,1,Single,6325,24649,8,Y,Yes,17,3,2,80,2,4,6,3,2,1,2,0,Yes
45,Travel_Rarely,1314,Research & Development,19,1,Human Resources,1,422,1,Female,69,3,5,Sales Executive,3,Divorced,6722,17659,3,Y,Yes,11,4,3,80,3,1,0,2,1,1,0,1,No
28,Non-Travel,636,Sales,12,5,Other,1,423,1,Female,40,4,1,Sales Representative,2,Single,3808,8449,8,Y,Yes,13,4,4,80,0,6,5,1,3,2,0,1,Yes
22,Travel_Frequently,620,Sales,22,2,Life Sciences,1,424,4,Male,62,2,1,Sales Representative,2,Divorced,7078,20105,8,Y,No,25,3,3,80,3,9,5,1,3,3,0,2,Yes
36,Travel_Frequently,1087,Sales,23,4,Other,1,425,2,Female,92,1,2,Human Resources,1,Married,2449,3344,3,Y,Yes,25,3,1,80,1,18,0,3,11,2,0,4,Yes
32,Non-Travel,763,Human Resources,13,3,Technical Degree,1,426,3,Male,44,2,1,Laboratory Technician,3,Divorced,3632,5003,8,Y,Yes,14,4,1,80,0,5,6,4,3,1,0,1,No
46,Travel_Frequently,352,Sales,7,4,Marketing,1,427,2,Female,66,3,3,Manufacturing Director,2,Married,2388,6394,4,Y,No,14,4,4,80,3,10,3,3,1,1,0,1,Yes
45,Travel_Rarely,541,Research & Development,26,1,Medical,1,428,4,Male,51,1,1,Manufacturing Director,2,Divorced,6928,7105,1,Y,Yes,17,3,2,80,3,8,5,2,1,1,0,1,Yes
59,Travel_Frequently,1286,Sales,15,5,Marketing,1,429,1,Female,61,4,3,Research Director,1,Single,6875,6507,4,Y,No,16,3,4,80,2,4,5,3,3,2,1,1,No
26,Travel_Frequently,1333,Sales,28,5,Technical Degree,1,430,3,Female,80,1,3,Research Director,1,Single,8860,5770,5,Y,Yes,24,4,2,80,3,13,4,1,4,3,3,1,Yes
38,Non-Travel,181,Human Resources,12,4,Other,1,431,2,Male,58,1,4,Healthcare Representative,4,Single,4042,21436,3,Y,No,20,3,3,80,2,10,6,2,3,3,0,2,Yes
43,Travel_Frequently,356,Human Resources,29,3,Technical Degree,1,432,3,Male,97,1,5,Manufacturing Director,3,Divorced,5547,26846,7,Y,No,16,3,3,80,3,11,6,2,10,1,4,0,Yes
58,Travel_Frequently,842,Sales,24,2,Technical Degree,1,433,1,Male,52,4,5,Sales Executive,4,Single,4711,12245,5,Y,No,19,4,3,80,2,6,4,1,3,3,0,0,Yes
32,Travel_Rarely,1465,Sales,28,5,Life Sciences,1,434,1,Male,33,1,2,Research Scientist,3,Single,1922,12447,0,Y,Yes,23,4,2,80,0,14,2,3,2,1,0,0,No
31,Non-Travel,1479,Research & Development,18,3,Human Resources,1,435,1,Female,68,3,2,Research Scientist,1,Single,3338,24391,3,Y,Yes,23,3,1,80,2,13,1,2,7,5,4,1,No
34,Travel_Rarely,240,Sales,9,3,Life Sciences,1,436,3,Female,99,1,5,Research Director,2,Single,12700,15269,4,Y,Yes,25,3,2,80,3,5,5,4,1,1,0,1,No
53,Non-Travel,137,Sales,25,2,Technical Degree,1,437,1,Female,88,4,1,Laboratory Technician,1,Married,3280,3832,8,Y,Yes,11,3,3,80,3,6,0,4,6,6,2,0,Yes
42,Travel_Frequently,845,Research & Development,3,1,Medical,1,438,3,Male,89,3,5,Laboratory Technician,2,Married,12642,23505,8,Y,No,18,3,4,80,1,10,3,1,1,1,1,0,Yes
37,Non-Travel,145,Sales,10,1,Human Resources,1,439,4,Male,40,3,4,Sales Executive,2,Divorced,7592,10983,5,Y,No,24,3,1,80,3,7,0,2,3,2,0,2,No
45,Travel_Rarely,313,Human Resources,10,5,Life Sciences,1,440,2,Female,60,3,4,Research Director,2,Married,2996,13678,8,Y,Yes,21,4,3,80,0,15,4,2,5,1,5,4,Yes
21,Travel_Rarely,482,Human Resources,17,5,Other,1,441,3,Male,59,3,1,Human Resources,2,Married,7514,25957,4,Y,No,21,3,3,80,0,7,5,1,4,4,0,0,Yes
38,Non-Travel,180,Research & Development,13,2,Human Resources,1,442,2,Female,87,3,4,Manager,1,Married,2598,5499,3,Y,No,21,4,2,80,0,10,5,1,1,1,1,1,Yes
33,Travel_Rarely,1328,Research & Development,25,1,Marketing,1,443,3,Male,96,2,4,Manufacturing Director,1,Married,5687,19682,6,Y,No,19,3,1,80,1,14,5,2,5,1,3,2,No
28,Travel_Rarely,865,Sales,7,5,Medical,1,444,4,Male,76,2,4,Laboratory Technician,1,Married,6879,4666,2,Y,Yes,11,3,2,80,1,12,2,1,2,2,0,2,No
29,Travel_Frequently,925,Sales,24,1,Medical,1,445,1,Male,68,2,4,Sales Representative,3,Single,1896,18940,0,Y,No,15,3,1,80,3,5,1,3,2,1,0,0,No
49,Non-Travel,1191,Human Resources,26,4,Life Sciences,1,446,1,Female,80,1,4,Manager,3,Divorced,10119,17120,2,Y,Yes,20,3,4,80,2,10,1,1,6,1,1,0,Yes
48,Non-Travel,1223,Sales,29,5,Marketing,1,447,2,Male,33,1,2,Research Director,3,Married,5946,20848,5,Y,Yes,13,4,1,80,2,11,3,1,3,3,3,0,Yes
43,Travel_Rarely,1390,Sales,9,5,Human Resources,1,448,3,Female,89,3,1,Manufacturing Director,4,Single,5863,13324,5,Y,No,13,3,2,80,1,10,0,1,3,1,0,3,No
50,Travel_Frequently,896,Sales,5,1,Other,1,449,4,Male,75,1,5,Laboratory Technician,4,Married,8521,18009,7,Y,Yes,20,3,3,80,0,5,2,3,5,2,0,0,Yes
45,Travel_Rarely,836,Human Resources,2,1,Human Resources,1,450,4,Female,98,4,3,Laboratory Technician,1,Single,4062,26507,6,Y,No,18,4,1,80,2,13,5,4,1,1,1,0,No
24,Non-Travel,1029,Human Resources,5,1,Life Sciences,1,451,1,Female,98,2,2,Sales Representative,2,Married,8568,26345,0,Y,No,14,3,1,80,0,16,3,4,13,2,10,0,Yes
43,Non-Travel,1165,Sales,12,1,Technical Degree,1,452,2,Female,32,4,3,Sales Representative,2,Single,4941,15960,9,Y,No,13,3,2,80,0,7,2,2,4,4,1,2,Yes
30,Travel_Frequently,302,Human Resources,1,5,Marketing,1,453,3,Female,71,1,1,Laboratory Technician,1,Single,2167,8616,0,Y,Yes,12,3,2,80,3,7,1,1,2,2,0,0,Yes
42,Non-Travel,186,Human Resources,19,2,Life Sciences,1,454,2,Male,85,4,1,Sales Representative,3,Divorced,3787,2632,0,Y,No,21,4,4,80,1,4,1,4,2,2,2,2,No
49,Non-Travel,265,Human Resources,28,2,Human Resources,1,455,3,Male,85,2,1,Manufacturing Director,2,Married,2535,22047,3,Y,Yes,21,4,1,80,2,9,2,4,2,1,2,1,Yes
39,Travel_Frequently,1039,Sales,25,5,Marketing,1,456,4,Male,47,1,3,Manufacturing Director,1,Divorced,3040,15824,5,Y,Yes,19,4,3,80,3,1,1,1,1,1,0,1,No
25,Travel_Frequently,722,Human Resources,18,5,Life Sciences,1,457,1,Female,45,3,1,Manager,3,Single,7858,14109,4,Y,Yes,25,3,4,80,1,1,5,3,1,1,0,1,Yes
29,Travel_Rarely,1392,Research & Development,8,5,Other,1,458,4,Male,70,3,3,Healthcare Representative,1,Single,2666,21669,1,Y,No,18,4,1,80,0,14,1,2,6,6,0,2,Yes
34,Travel_Frequently,336,Research & Development,29,3,Technical Degree,1,459,2,Female,39,1,5,Laboratory Technician,4,Married,8135,23032,1,Y,No,17,4,1,80,1,14,0,3,8,5,0,1,Yes
19,Travel_Rarely,441,Research & Development,11,5,Technical Degree,1,460,4,Male,88,1,1,Manufacturing Director,4,Single,5093,8403,4,Y,No,23,4,1,80,2,17,5,3,7,1,2,5,Yes
22,Travel_Rarely,365,Research & Development,16,5,Marketing,1,461,3,Male,61,1,3,Research Scientist,2,Married,1602,7539,9,Y,Yes,20,3,1,80,0,3,4,1,2,2,0,2,Yes
24,Travel_Frequently,641,Human Resources,7,2,Human Resources,1,462,3,Female,72,1,4,Research Scientist,2,Divorced,4928,20215,0,Y,Yes,23,3,4,80,0,6,6,3,4,2,4,2,Yes
50,Non-Travel,1200,Human Resources,1,5,Technical Degree,1,463,1,Male,43,4,4,Laboratory Technician,3,Single,3238,24515,2,Y,Yes,25,4,2,80,2,8,6,3,5,1,0,1,Yes
27,Non-Travel,1193,Sales,26,2,Human Resources,1,464,1,Female,90,1,3,Sales Representative,2,Divorced,11713,15435,2,Y,No,11,4,2,80,3,11,5,4,1,1,1,1,Yes
60,Travel_Frequently,435,Sales,6,5,Human Resources,1,465,1,Female,88,3,4,Sales Executive,4,Single,3825,7901,7,Y,Yes,22,4,4,80,1,14,6,4,13,1,9,1,Yes
19,Travel_Frequently,909,Research & Development,1,4,Other,1,466,1,Female,38,4,1,Research Scientist,3,Single,6246,12715,5,Y,Yes,11,3,1,80,1,2,5,1,1,1,1,1,Yes
33,Travel_Rarely,810,Sales,17,2,Technical Degree,1,467,4,Male,51,3,3,Healthcare Representative,1,Married,3357,26878,6,Y,No,24,4,2,80,0,10,4,4,2,2,2,0,No
27,Travel_Rarely,784,Human Resources,13,2,Other,1,468,2,Female,99,4,4,Healthcare Representative,1,Single,5459,21115,7,Y,No,17,3,2,80,1,4,4,1,2,2,2,1,No
50,Travel_Frequently,1487,Research & Development,23,1,Life Sciences,1,469,4,Female,53,1,1,Laboratory Technician,2,Married,12658,4892,4,Y,No,15,4,4,80,1,11,1,4,6,1,3,0,Yes
56,Travel_Rarely,316,Research & Development,24,5,Other,1,470,3,Male,31,1,5,Sales Executive,3,Single,3159,15418,1,Y,No,11,3,3,80,2,1,1,2,1,1,1,1,No
52,Non-Travel,1237,Research & Development,4,5,Life Sciences,1,471,3,Female,76,1,3,Manufacturing Director,1,Divorced,4315,21541,0,Y,No,24,3,2,80,2,5,1,1,2,2,0,1,No
30,Non-Travel,490,Human Resources,13,4,Medical,1,472,1,Female,71,1,4,Research Director,4,Married,2564,9634,4,Y,Yes,12,3,4,80,2,5,4,4,4,4,0,0,Yes
48,Non-Travel,935,Human Resources,9,2,Human Resources,1,473,4,Male,93,3,1,Sales Executive,4,Single,2350,23392,1,Y,No,25,4,2,80,3,16,3,2,15,1,2,0,Yes
55,Travel_Rarely,1215,Sales,3,5,Medical,1,474,2,Male,64,4,3,Manufacturing Director,2,Married,8194,25406,4,Y,Yes,24,3,1,80,2,13,6,3,6,1,1,2,No
45,Non-Travel,154,Research & Development,23,5,Medical,1,475,3,Female,73,1,3,Manufacturing Director,1,Married,2340,16935,8,Y,Yes,17,4,3,80,3,5,2,4,3,1,1,2,Yes
18,Non-Travel,512,Human Resources,26,5,Marketing,1,476,3,Female,41,3,4,Sales Representative,3,Divorced,2027,25602,0,Y,No,14,3,1,80,1,13,2,1,5,2,2,0,No
31,Travel_Frequently,538,Sales,19,5,Life Sciences,1,477,1,Female,90,2,2,Human Resources,2,Single,3123,6008,0,Y,Yes,11,3,4,80,3,16,4,2,16,1,9,4,Yes
36,Travel_Rarely,765,Human Resources,15,3,Human Resources,1,478,2,Male,95,3,4,Research Scientist,3,Married,8849,18861,9,Y,No,24,4,1,80,3,8,3,3,2,2,1,2,No
22,Non-Travel,358,Research & Development,27,2,Technical Degree,1,479,3,Female,36,1,1,Sales Representative,1,Single,6782,20248,4,Y,Yes,19,3,1,80,2,6,5,3,2,1,1,2,Yes
44,Travel_Rarely,368,Sales,29,3,Technical Degree,1,480,1,Female,83,4,5,Sales Representative,3,Divorced,5307,9637,4,Y,Yes,22,3,2,80,1,10,0,2,1,1,0,0,Yes
21,Travel_Frequently,320,Research & Development,17,2,Life Sciences,1,481,4,Female,52,4,4,Healthcare Representative,4,Married,8231,14563,1,Y,No,18,3,2,80,0,16,5,4,6,1,3,1,No
25,Travel_Rarely,591,Research & Development,21,2,Medical,1,482,2,Female,52,3,4,Research Scientist,2,Divorced,2917,24556,8,Y,No,14,3,2,80,1,12,4,4,3,2,0,2,No
23,Non-Travel,1058,Research & Development,21,3,Technical Degree,1,483,2,Male,39,3,4,Healthcare Representative,3,Single,5300,26208,0,Y,No,20,3,2,80,2,10,2,4,2,2,2,2,Yes
48,Non-Travel,860,Research & Development,19,1,Marketing,1,484,1,Male,61,3,4,Research Director,3,Divorced,3639,14108,0,Y,Yes,13,4,1,80,0,11,5,4,1,1,1,0,Yes
21,Travel_Frequently,1198,Human Resources,2,1,Medical,1,485,2,Male,95,1,1,Human Resources,2,Single,1739,5937,9,Y,Yes,25,3,1,80,0,4,6,3,3,2,0,0,No
53,Travel_Rarely,196,Sales,23,2,Life Sciences,1,486,4,Female,97,2,5,Sales Executive,4,Single,4369,18243,5,Y,No,20,3,4,80,0,11,2,4,9,2,1,4,No
18,Travel_Frequently,935,Research & Development,28,2,Human Resources,1,487,3,Female,86,2,4,Manager,2,Divorced,7112,15145,4,Y,Yes,12,3,4,80,1,16,2,2,6,1,2,1,Yes
36,Travel_Frequently,508,Sales,16,2,Human Resources,1,488,3,Female,40,3,1,Manager,4,Single,3627,9960,9,Y,No,19,4,4,80,2,8,1,1,6,1,1,2,No
22,Travel_Rarely,237,Research & Development,16,2,Marketing,1,489,1,Male,90,3,2,Manager,2,Married,4013,8461,0,Y,Yes,15,3,2,80,2,14,2,4,2,2,2,1,Yes
21,Travel_Rarely,790,Sales,20,3,Other,1,490,2,Male,63,4,3,Manufacturing Director,2,Divorced,5770,15071,4,Y,Yes,13,3,1,80,2,8,0,1,1,1,1,0,Yes
48,Travel_Rarely,381,Research & Development,8,3,Other,1,491,3,Male,86,2,1,Human Resources,4,Married,3588,12208,2,Y,Yes,21,4,4,80,0,2,6,3,1,1,0,0,No
46,Travel_Rarely,731,Human Resources,7,1,Marketing,1,492,1,Female,90,2,4,Sales Executive,2,Divorced,12266,18158,5,Y,No,11,3,1,80,1,22,5,2,22,1,0,1,Yes
41,Travel_Frequently,117,Research & Development,5,5,Marketing,1,493,2,Male,93,1,1,Manager,2,Married,11646,3894,9,Y,No,14,4,1,80,3,14,3,1,4,3,0,0,No
36,Non-Travel,1440,Human Resources,26,5,Life Sciences,1,494,2,Male,63,3,5,Sales Representative,3,Divorced,7159,2270,0,Y,No,20,3,1,80,1,11,2,3,2,1,2,1,No
32,Travel_Frequently,158,Human Resources,5,4,Other,1,495,2,Male,47,3,1,Healthcare Representative,2,Married,5653,20033,7,Y,Yes,18,3,1,80,1,6,5,3,2,1,2,0,Yes
54,Travel_Frequently,989,Research & Development,20,4,Marketing,1,496,1,Female,93,2,1,Manager,4,Single,1849,14807,4,Y,Yes,18,3,2,80,3,7,6,4,1,1,0,1,Yes
29,Non-Travel,1152,Sales,10,5,Technical Degree,1,497,1,Female,77,2,3,Sales Executive,4,Divorced,9439,19168,8,Y,Yes,23,3,2,80,0,18,0,3,5,1,4,1,No
28,Travel_Frequently,354,Human Resources,21,2,Marketing,1,498,4,Female,79,4,4,Research Director,4,Married,2231,2036,9,Y,No,13,4,4,80,1,10,1,2,1,1,1,1,No
26,Travel_Frequently,342,Human Resources,19,3,Other,1,499,3,Male,71,3,2,Manufacturing Director,2,Divorced,2192,16988,9,Y,No,12,3,2,80,3,6,6,3,1,1,1,1,No
44,Non-Travel,171,Human Resources,9,5,Marketing,1,500,2,Male,82,4,4,Manager,1,Divorced,5128,16179,7,Y,Yes,17,4,2,80,0,8,4,2,1,1,1,1,Yes
25,Non-Travel,830,Research & Development,16,2,Marketing,1,501,1,Male,62,3,4,Laboratory Technician,4,Divorced,3841,11030,1,Y,No,22,4,2,80,3,15,2,4,4,2,3,2,No
29,Travel_Rarely,280,Sales,29,3,Other,1,502,1,Female,93,4,1,Manager,4,Married,3000,25475,5,Y,No,15,4,4,80,1,16,3,2,8,1,6,5,Yes
24,Travel_Frequently,709,Human Resources,10,3,Life Sciences,1,503,3,Female,53,3,3,Healthcare Representative,2,Single,1777,22044,7,Y,Yes,13,4,1,80,1,19,6,4,6,2,2,3,Yes
30,Travel_Rarely,976,Sales,6,3,Other,1,504,3,Female,38,4,3,Human Resources,4,Divorced,2640,11895,7,Y,No,25,4,1,80,1,10,1,3,4,1,1,2,No
56,Travel_Rarely,1319,Sales,19,4,Marketing,1,505,3,Female,64,3,3,Laboratory Technician,4,Divorced,5617,21033,3,Y,No,25,4,4,80,3,14,2,4,3,1,2,1,Yes
37,Travel_Rarely,734,Human Resources,26,4,Technical Degree,1,506,4,Female,80,3,5,Laboratory Technician,1,Divorced,5578,5231,0,Y,Yes,23,3,1,80,3,16,0,4,2,1,1,1,Yes
20,Travel_Frequently,656,Sales,9,4,Marketing,1,507,1,Male,90,4,1,Sales Executive,2,Single,9058,15453,7,Y,Yes,24,3,4,80,1,15,6,3,5,1,0,3,Yes
30,Non-Travel,518,Sales,24,1,Technical Degree,1,508,4,Female,37,1,5,Laboratory Technician,3,Married,3145,4599,0,Y,No,16,3,1,80,1,20,4,3,12,1,0,2,No
23,Travel_Rarely,1098,Research & Development,15,5,Human Resources,1,509,2,Male,74,1,4,Sales Executive,1,Divorced,5599,18407,3,Y,No,23,3,4,80,0,14,6,4,5,2,1,0,No
29,Travel_Rarely,856,Research & Development,29,3,Life Sciences,1,510,1,Male,63,4,5,Human Resources,1,Divorced,6250,11664,8,Y,Yes,13,4,3,80,2,1,6,2,1,1,1,1,Yes
23,Travel_Rarely,1293,Research & Development,7,5,Life Sciences,1,511,4,Female,77,1,1,Healthcare Representative,1,Divorced,4363,25377,2,Y,No,14,4,1,80,2,8,3,2,1,1,1,1,Yes
24,Travel_Frequently,632,Sales,21,1,Technical Degree,1,512,3,Female,44,1,3,Healthcare Representative,1,Married,6205,23034,8,Y,Yes,15,3,2,80,2,12,3,1,4,1,0,4,Yes
51,Travel_Rarely,1355,Research & Development,7,4,Medical,1,513,2,Female,81,3,4,Manager,1,Single,5495,11643,0,Y,Yes,15,3,4,80,3,15,6,2,5,4,1,4,Yes
46,Non-Travel,280,Sales,25,4,Life Sciences,1,514,3,Male,72,3,5,Manufacturing Director,2,Single,8036,13210,8,Y,No,22,3,2,80,1,13,3,3,5,2,0,5,No
38,Non-Travel,693,Sales,19,3,Marketing,1,515,1,Male,78,1,2,Sales Representative,1,Divorced,3163,17976,4,Y,Yes,25,3,3,80,3,16,2,2,5,1,1,5,Yes
28,Travel_Rarely,1188,Human Resources,3,2,Other,1,516,1,Male,60,2,2,Sales Executive,4,Married,2705,7611,8,Y,No,16,3,1,80,3,9,0,2,4,1,4,1,Yes
18,Travel_Frequently,126,Human Resources,29,5,Other,1,517,1,Male,30,4,3,Healthcare Representative,4,Single,7637,4611,1,Y,Yes,23,3,4,80,1,12,6,4,3,3,2,3,Yes
39,Non-Travel,902,Human Resources,11,3,Human Resources,1,518,3,Female,39,3,3,Research Scientist,3,Divorced,5315,26665,7,Y,Yes,23,4,4,80,0,21,0,1,9,2,1,1,Yes
24,Non-Travel,1167,Sales,14,2,Human Resources,1,519,2,Male,54,1,4,Human Resources,4,Married,2117,12713,9,Y,Yes,23,3,3,80,2,14,5,3,5,3,0,2,No
25,Non-Travel,882,Research & Development,23,2,Medical,1,520,2,Female,57,2,2,Manufacturing Director,3,Divorced,11033,19718,1,Y,Yes,13,3,3,80,3,25,0,4,13,1,1,7,Yes
30,Travel_Rarely,566,Research & Development,4,5,Life Sciences,1,521,3,Female,63,1,4,Healthcare Representative,2,Single,3856,20727,0,Y,No,22,3,3,80,3,15,1,2,4,1,1,4,Yes
25,Non-Travel,332,Sales,10,1,Life Sciences,1,522,1,Male,66,1,3,Sales Executive,4,Divorced,6190,8229,7,Y,No,15,3,4,80,3,14,1,2,3,2,3,3,Yes
36,Travel_Rarely,1415,Sales,17,5,Other,1,523,2,Male,60,4,1,Human Resources,2,Married,5138,21659,2,Y,Yes,19,3,4,80,3,13,1,4,5,5,1,0,Yes
27,Travel_Frequently,940,Research & Development,7,4,Life Sciences,1,524,2,Male,72,4,5,Healthcare Representative,1,Single,8997,8766,2,Y,Yes,17,3,1,80,2,9,3,4,2,2,1,2,No
22,Travel_Frequently,1177,Research & Development,10,3,Other,1,525,4,Male,92,1,5,Manager,2,Single,2637,14635,8,Y,Yes,14,3,3,80,1,12,4,1,2,1,0,0,Yes
26,Travel_Frequently,665,Sales,22,4,Marketing,1,526,4,Female,35,1,2,Laboratory Technician,1,Divorced,6154,10776,7,Y,No,24,4,3,80,1,7,5,4,1,1,0,0,No
46,Travel_Frequently,963,Sales,26,5,Medical,1,527,4,Male,46,4,2,Manager,4,Married,2852,11471,3,Y,No,14,3,4,80,2,7,1,1,3,3,0,3,No
57,Non-Travel,721,Research & Development,8,4,Technical Degree,1,528,2,Female,43,1,1,Sales Representative,4,Divorced,17681,7153,6,Y,Yes,17,3,2,80,1,7,3,1,2,1,0,0,Yes
53,Travel_Rarely,315,Human Resources,8,2,Life Sciences,1,529,4,Female,61,1,5,Sales Executive,2,Divorced,3989,19623,0,Y,No,15,3,4,80,3,7,2,2,2,2,1,2,No
56,Travel_Rarely,344,Human Resources,17,1,Human Resources,1,530,4,Female,42,2,4,Research Director,2,Married,1880,18508,8,Y,Yes,12,4,2,80,0,9,2,2,2,1,2,1,No
38,Travel_Frequently,145,Human Resources,8,5,Technical Degree,1,531,3,Male,92,4,1,Laboratory Technician,2,Married,5018,23446,9,Y,No,20,4,2,80,2,10,5,1,3,1,1,2,Yes
46,Travel_Rarely,786,Research & Development,18,5,Other,1,532,3,Male,88,3,3,Manager,3,Divorced,3433,24830,0,Y,No,23,3,1,80,0,14,0,2,2,2,1,1,No
55,Travel_Frequently,517,Human Resources,27,4,Other,1,533,3,Male,38,3,1,Research Scientist,4,Married,4653,13085,0,Y,No,17,4,3,80,3,16,0,2,3,1,3,3,No
37,Travel_Rarely,1408,Human Resources,8,4,Human Resources,1,534,1,Male,55,2,2,Sales Representative,3,Single,3506,12679,5,Y,Yes,20,3,1,80,0,15,3,1,2,2,2,0,Yes
42,Travel_Rarely,861,Research & Development,23,1,Life Sciences,1,535,3,Female,89,3,4,Research Director,1,Married,5186,22323,6,Y,Yes,12,3,2,80,3,8,4,4,8,1,0,1,Yes
32,Non-Travel,1145,Research & Development,23,5,Medical,1,536,3,Female,80,2,5,Sales Executive,3,Married,3962,16841,3,Y,Yes,11,4,3,80,3,27,1,3,14,1,2,6,Yes
51,Travel_Rarely,834,Research & Development,27,1,Technical Degree,1,537,3,Female,82,1,1,Research Director,1,Married,7973,4160,4,Y,Yes,19,3,3,80,0,15,3,1,4,4,1,1,No
46,Travel_Rarely,351,Human Resources,22,5,Technical Degree,1,538,3,Female,37,4,5,Sales Executive,3,Single,5999,8344,8,Y,Yes,18,3,3,80,2,6,3,4,3,2,2,3,No
49,Non-Travel,1255,Human Resources,23,4,Human Resources,1,539,4,Male,92,4,5,Healthcare Representative,1,Divorced,5834,8764,0,Y,No,18,4,4,80,1,14,4,2,2,1,1,2,No
32,Travel_Rarely,604,Research & Development,20,1,Technical Degree,1,540,3,Female,98,3,1,Sales Executive,2,Divorced,9152,26439,0,Y,No,19,3,1,80,0,4,4,2,4,1,0,0,No
50,Travel_Rarely,1210,Research & Development,4,4,Life Sciences,1,541,3,Male,71,3,1,Research Director,2,Single,2216,4243,7,Y,No,16,4,3,80,1,16,3,2,5,4,0,2,Yes
37,Non-Travel,1204,Human Resources,22,5,Human Resources,1,542,4,Female,39,1,5,Healthcare Representative,2,Divorced,7177,15585,1,Y,Yes,22,3,3,80,1,8,1,1,3,1,1,3,Yes
51,Travel_Rarely,754,Sales,17,5,Other,1,543,2,Female,52,2,3,Research Director,3,Single,4428,3934,4,Y,No,18,4,4,80,3,8,6,2,1,1,0,1,No
26,Travel_Frequently,776,Sales,11,3,Medical,1,544,4,Female,53,3,2,Research Scientist,4,Single,6194,19675,6,Y,No,25,3,1,80,0,20,6,2,8,1,1,1,Yes
18,Non-Travel,1475,Research & Development,19,5,Other,1,545,4,Male,47,1,2,Sales Executive,4,Married,11254,20791,4,Y,No,19,4,4,80,0,15,2,4,4,4,4,1,No
23,Travel_Frequently,613,Human Resources,24,1,Life Sciences,1,546,1,Male,94,2,5,Laboratory Technician,1,Divorced,3988,19004,6,Y,No,12,4,4,80,2,16,6,3,7,1,0,2,No
41,Travel_Rarely,352,Research & Development,17,5,Other,1,547,4,Male,94,2,5,Human Resources,3,Divorced,5319,7487,9,Y,Yes,18,4,1,80,0,13,3,1,12,4,2,3,Yes
27,Non-Travel,1365,Human Resources,16,5,Technical Degree,1,548,3,Female,47,4,4,Manager,2,Divorced,4997,4809,9,Y,Yes,15,3,2,80,0,15,5,3,6,2,1,2,Yes
54,Travel_Frequently,887,Research & Development,1,4,Medical,1,549,1,Male,71,3,5,Healthcare Representative,1,Married,8547,24320,4,Y,No,12,3,2,80,1,13,5,3,4,2,0,0,No
52,Non-Travel,1451,Human Resources,1,5,Other,1,550,1,Male,36,2,5,Manager,4,Single,1576,8683,0,Y,Yes,15,4,3,80,0,17,1,3,7,4,3,2,No
20,Non-Travel,748,Research & Development,24,3,Medical,1,551,1,Male,98,1,5,Manager,1,Divorced,1884,8655,3,Y,No,14,4,2,80,3,2,0,2,1,1,0,1,Yes
20,Travel_Frequently,1066,Research & Development,4,3,Human Resources,1,552,1,Female,96,2,3,Human Resources,3,Divorced,2355,15771,5,Y,No,15,3,1,80,0,17,4,4,3,2,1,0,No
55,Non-Travel,589,Research & Development,3,4,Life Sciences,1,553,1,Male,85,4,3,Sales Executive,3,Married,7608,25466,5,Y,Yes,22,3,1,80,0,21,1,3,8,1,0,7,Yes
20,Travel_Frequently,887,Sales,11,4,Medical,1,554,3,Female,50,4,2,Manufacturing Director,1,Divorced,5111,16677,2,Y,No,25,4,1,80,1,11,1,3,6,1,1,1,Yes
38,Travel_Rarely,530,Sales,19,2,Human Resources,1,555,4,Male,67,3,3,Healthcare Representative,1,Married,9236,20803,6,Y,No,23,3,3,80,1,17,6,4,3,3,3,0,Yes
28,Travel_Rarely,1173,Human Resources,26,5,Other,1,556,3,Female,45,3,5,Human Resources,4,Single,5246,4179,3,Y,No,18,3,3,80,3,13,5,4,4,4,1,4,No
27,Travel_Frequently,839,Sales,18,5,Technical Degree,1,557,1,Female,75,3,2,Sales Representative,1,Divorced,6082,13540,5,Y,Yes,19,4,1,80,1,18,5,3,4,2,4,0,Yes
53,Non-Travel,683,Research & Development,24,5,Technical Degree,1,558,2,Male,55,2,4,Manufacturing Director,2,Divorced,8149,2528,6,Y,No,21,4,4,80,0,17,5,4,7,1,2,1,No
41,Non-Travel,371,Human Resources,2,5,Medical,1,559,2,Female,32,3,1,Manufacturing Director,4,Married,10148,11797,2,Y,Yes,17,3,2,80,1,11,6,3,6,1,0,6,No
44,Travel_Rarely,320,Sales,28,5,Other,1,560,2,Male,31,2,3,Laboratory Technician,4,Married,2604,12807,8,Y,Yes,19,3,2,80,3,10,2,3,6,1,2,5,Yes
33,Travel_Rarely,1279,Human Resources,21,2,Medical,1,561,1,Female,89,3,4,Healthcare Representative,2,Single,9591,2944,9,Y,No,21,3,1,80,1,11,4,4,2,2,0,0,No
19,Travel_Rarely,267,Sales,10,5,Marketing,1,562,4,Male,37,3,2,Sales Executive,4,Divorced,1760,4994,1,Y,No,23,4,3,80,0,18,2,3,7,4,7,3,No
24,Travel_Frequently,1066,Human Resources,21,5,Life Sciences,1,563,2,Female,86,3,1,Human Resources,2,Divorced,8317,26474,5,Y,Yes,11,4,4,80,2,19,2,2,10,1,0,5,No
34,Non-Travel,1249,Human Resources,17,5,Medical,1,564,4,Female,82,3,4,Research Scientist,1,Divorced,5160,2309,8,Y,No,14,3,1,80,1,15,6,1,2,1,2,2,Yes
19,Non-Travel,581,Sales,17,5,Marketing,1,565,2,Female,54,1,4,Manufacturing Director,3,Married,5434,6820,9,Y,No,14,3,1,80,1,9,3,3,3,3,0,3,Yes
34,Travel_Frequently,403,Human Resources,28,2,Human Resources,1,566,3,Male,77,3,4,Human Resources,1,Single,2084,14447,9,Y,No,12,4,2,80,3,5,0,4,2,2,2,0,Yes
33,Travel_Rarely,830,Human Resources,17,1,Other,1,567,3,Female,50,4,1,Manufacturing Director,4,Married,5825,7443,9,Y,Yes,14,3,1,80,1,6,2,1,2,1,2,2,Yes
40,Travel_Rarely,1055,Human Resources,6,3,Human Resources,1,568,4,Female,34,4,3,Healthcare Representative,1,Divorced,4242,3361,9,Y,No,25,3,4,80,3,15,1,1,2,2,2,2,No
40,Travel_Frequently,680,Research & Development,13,4,Human Resources,1,569,3,Male,98,1,2,Manufacturing Director,3,Single,5262,15606,5,Y,Yes,15,4,3,80,1,19,5,4,5,1,5,2,No
55,Travel_Rarely,713,Human Resources,3,5,Other,1,570,4,Male,60,3,5,Human Resources,4,Single,1195,23246,1,Y,Yes,25,3,1,80,0,1,2,4,1,1,1,1,No
34,Travel_Rarely,1176,Research & Development,26,4,Human Resources,1,571,1,Female,73,4,2,Research Scientist,1,Divorced,3453,2824,8,Y,Yes,12,3,2,80,3,13,4,1,3,3,3,1,No
28,Travel_Frequently,403,Sales,3,5,Other,1,572,3,Female,65,4,4,Sales Executive,4,Single,3276,21709,1,Y,Yes,22,4,3,80,2,11,5,2,5,3,1,5,Yes
18,Non-Travel,232,Sales,18,5,Life Sciences,1,573,2,Male,37,1,4,Healthcare Representative,1,Married,9849,7981,9,Y,No,11,3,2,80,3,21,0,3,8,1,0,6,Yes
19,Travel_Frequently,1485,Human Resources,18,1,Marketing,1,574,2,Male,39,3,2,Sales Representative,2,Married,9489,3620,5,Y,Yes,13,3,3,80,0,6,4,2,1,1,1,0,Yes
44,Non-Travel,1385,Human Resources,16,2,Human Resources,1,575,1,Male,59,2,5,Research Scientist,2,Divorced,2064,4423,8,Y,Yes,14,4,2,80,1,14,6,1,7,2,0,5,Yes
21,Travel_Frequently,107,Human Resources,17,5,Other,1,576,4,Female,57,3,3,Research Scientist,3,Divorced,2803,10097,0,Y,Yes,15,3,1,80,3,12,6,4,3,1,1,0,Yes
30,Travel_Frequently,478,Research & Development,4,5,Other,1,577,4,Male,48,4,5,Sales Representative,2,Married,8641,19358,1,Y,Yes,21,4,3,80,1,7,2,1,7,2,5,0,Yes
36,Non-Travel,1140,Sales,8,2,Marketing,1,578,2,Male,73,3,2,Sales Representative,1,Married,1776,26950,7,Y,No,13,3,1,80,2,14,4,1,7,4,1,2,No
29,Non-Travel,1048,Sales,28,2,Medical,1,579,3,Male,95,2,5,Human Resources,1,Single,3289,19443,2,Y,Yes,19,3,2,80,1,12,4,4,3,2,0,3,Yes
46,Non-Travel,1456,Research & Development,27,2,Life Sciences,1,580,2,Female,50,4,2,Human Resources,3,Single,3408,8763,6,Y,No,14,3,3,80,2,6,4,1,4,2,0,4,Yes
30,Travel_Rarely,340,Human Resources,3,3,Medical,1,581,1,Male,76,2,5,Human Resources,2,Single,4806,6098,2,Y,No,18,4,4,80,2,3,2,1,3,1,3,3,Yes
28,Non-Travel,943,Sales,17,2,Technical Degree,1,582,4,Male,90,2,2,Sales Executive,2,Married,6457,4696,0,Y,Yes,16,3,1,80,1,23,4,2,10,2,0,0,Yes
53,Travel_Frequently,477,Sales,28,1,Marketing,1,583,2,Male,35,4,4,Research Director,4,Divorced,9053,20187,2,Y,Yes,25,4,4,80,1,5,4,2,1,1,1,1,Yes
60,Travel_Rarely,866,Human Resources,8,4,Marketing,1,584,4,Female,73,3,1,Research Scientist,1,Married,6432,19743,9,Y,No,16,4,1,80,2,14,3,1,1,1,1,1,No
20,Non-Travel,860,Research & Development,21,1,Human Resources,1,585,3,Female,38,4,1,Laboratory Technician,3,Married,3417,22289,7,Y,No,17,4,4,80,2,10,2,4,2,2,2,1,Yes
36,Travel_Rarely,1226,Research & Development,28,5,Other,1,586,4,Female,66,4,1,Manufacturing Director,2,Married,3169,13155,8,Y,No,22,3,4,80,0,17,3,1,4,2,0,2,Yes
34,Travel_Frequently,265,Human Resources,28,1,Technical Degree,1,587,4,Female,34,3,3,Manager,4,Married,5136,13584,8,Y,No,24,4,2,80,1,12,0,4,4,1,1,1,No
24,Non-Travel,1180,Sales,4,2,Human Resources,1,588,4,Male,56,4,2,Laboratory Technician,1,Married,4579,14502,6,Y,Yes,22,3,3,80,1,14,3,2,4,4,0,3,No
27,Non-Travel,1295,Sales,25,1,Other,1,589,4,Male,31,4,4,Healthcare Representative,1,Divorced,4730,10708,9,Y,Yes,16,4,4,80,1,23,4,1,21,8,3,1,No
49,Non-Travel,600,Human Resources,12,4,Human Resources,1,590,1,Female,84,3,1,Sales Executive,2,Divorced,8629,7190,8,Y,Yes,16,3,1,80,3,36,6,2,23,4,3,1,No
31,Non-Travel,1028,Human Resources,9,4,Human Resources,1,591,2,Female,66,2,5,Healthcare Representative,4,Divorced,1723,18102,7,Y,Yes,21,4,2,80,1,9,0,3,1,1,1,0,Yes
30,Travel_Rarely,443,Sales,2,1,Technical Degree,1,592,4,Male,63,2,5,Healthcare Representative,4,Married,4417,18167,2,Y,No,23,3,3,80,3,13,6,3,3,2,1,0,No
29,Non-Travel,1484,Human Resources,13,5,Other,1,593,4,Male,38,3,3,Manufacturing Director,4,Divorced,8007,20676,9,Y,Yes,19,3,2,80,0,9,5,4,1,1,0,0,Yes
40,Non-Travel,769,Sales,25,2,Other,1,594,2,Female,51,4,1,Laboratory Technician,4,Married,7827,6090,1,Y,Yes,23,4,1,80,3,12,0,1,10,1,2,0,Yes
33,Travel_Rarely,339,Research & Development,13,1,Marketing,1,595,4,Female,61,4,4,Manufacturing Director,1,Single,3549,10503,4,Y,Yes,14,3,4,80,1,9,1,1,3,3,1,3,No
43,Travel_Frequently,301,Human Resources,29,5,Technical Degree,1,596,1,Female,81,3,5,Manager,2,Single,4174,16256,5,Y,Yes,20,3,4,80,1,5,3,4,2,1,2,2,No
19,Non-Travel,114,Research & Development,7,1,Human Resources,1,597,1,Female,49,2,3,Research Scientist,2,Divorced,3673,5029,6,Y,No,13,4,4,80,3,2,6,4,1,1,1,1,No
52,Travel_Frequently,1226,Human Resources,25,3,Other,1,598,2,Female,46,2,5,Laboratory Technician,2,Married,6000,16203,0,Y,Yes,11,3,2,80,0,15,4,1,2,1,0,1,Yes
53,Non-Travel,1145,Research & Development,4,1,Technical Degree,1,599,4,Female,75,3,2,Manufacturing Director,3,Married,6034,8942,7,Y,No,16,4,1,80,1,10,5,2,2,1,0,0,No
25,Non-Travel,610,Human Resources,16,1,Medical,1,600,1,Female,51,4,1,Sales Executive,1,Single,4512,4800,1,Y,Yes,23,3,2,80,3,14,2,3,4,1,0,4,Yes
25,Travel_Rarely,427,Human Resources,11,3,Medical,1,601,2,Male,64,3,4,Healthcare Representative,3,Single,5504,5075,8,Y,No,23,4,3,80,0,15,6,1,1,1,1,0,No
51,Travel_Frequently,282,Sales,21,2,Marketing,1,602,4,Male,74,1,4,Manufacturing Director,1,Married,4936,19427,1,Y,No,13,3,1,80,0,11,1,2,10,2,0,1,Yes
56,Non-Travel,1459,Human Resources,25,4,Technical Degree,1,603,3,Male,53,3,1,Laboratory Technician,2,Single,4293,10050,0,Y,Yes,18,4,4,80,3,10,3,1,1,1,1,1,Yes
27,Travel_Rarely,948,Human Resources,18,4,Other,1,604,3,Male,42,3,1,Laboratory Technician,2,Divorced,2453,5413,3,Y,Yes,17,3,3,80,2,5,1,1,2,1,1,2,Yes
47,Non-Travel,867,Research & Development,6,3,Technical Degree,1,605,4,Male,50,4,4,Laboratory Technician,3,Divorced,4738,12753,0,Y,No,17,3,3,80,2,2,4,2,1,1,1,1,No
55,Non-Travel,1307,Sales,9,4,Technical Degree,1,606,1,Female,33,1,4,Research Director,2,Single,12640,8583,7,Y,Yes,17,3,1,80,1,6,6,1,5,2,1,2,No
31,Non-Travel,905,Human Resources,16,4,Medical,1,607,4,Female,57,1,4,Laboratory Technician,2,Single,5274,9055,2,Y,No,11,3,1,80,2,7,3,1,3,1,1,1,No
39,Travel_Rarely,178,Human Resources,1,2,Technical Degree,1,608,4,Female,37,2,1,Research Scientist,2,Single,5284,25295,2,Y,Yes,19,3,1,80,1,13,5,3,10,1,3,2,Yes
24,Non-Travel,557,Human Resources,12,1,Technical Degree,1,609,3,Male,68,4,3,Human Resources,3,Divorced,12872,4094,3,Y,Yes,25,3,1,80,0,12,1,1,6,3,0,0,Yes
25,Non-Travel,280,Human Resources,21,5,Human Resources,1,610,3,Male,48,3,3,Sales Executive,2,Single,2830,21890,2,Y,No,18,4,3,80,1,4,4,4,1,1,0,1,No
56,Travel_Rarely,171,Human Resources,7,2,Other,1,611,2,Female,91,3,5,Human Resources,2,Divorced,4517,24652,4,Y,No,14,3,1,80,1,17,6,3,3,3,0,0,No
46,Travel_Frequently,101,Sales,9,1,Medical,1,612,3,Female,79,1,1,Human Resources,4,Married,11833,12419,4,Y,No,15,3,3,80,2,14,2,2,2,1,2,0,No
35,Travel_Frequently,911,Human Resources,11,4,Medical,1,613,3,Female,35,1,1,Research Scientist,4,Married,4266,3225,4,Y,Yes,21,4,1,80,3,16,1,2,2,1,0,2,No
59,Non-Travel,1435,Sales,22,3,Human Resources,1,614,3,Female,42,3,1,Healthcare Representative,1,Married,4799,23824,5,Y,Yes,14,3,4,80,2,17,4,1,11,3,0,1,Yes
47,Non-Travel,1151,Human Resources,26,3,Human Resources,1,615,4,Male,78,2,5,Sales Executive,1,Divorced,2755,16837,9,Y,Yes,20,3,2,80,3,26,0,1,16,1,9,3,Yes
23,Travel_Frequently,698,Sales,11,3,Marketing,1,616,1,Male,41,2,2,Manager,1,Single,1825,26162,6,Y,No,14,3,4,80,3,6,5,2,1,1,1,1,Yes
41,Non-Travel,437,Research & Development,19,4,Technical Degree,1,617,3,Female,42,2,4,Healthcare Representative,4,Divorced,3234,3617,8,Y,No,11,4,4,80,0,9,4,4,1,1,1,1,No
25,Travel_Frequently,944,Research & Development,22,5,Human Resources,1,618,1,Female,78,2,2,Manufacturing Director,4,Single,2441,6454,9,Y,No,20,3,4,80,0,8,6,4,2,2,2,2,No
30,Travel_Frequently,1137,Research & Development,6,4,Human Resources,1,619,4,Female,59,2,2,Healthcare Representative,2,Divorced,5607,2296,8,Y,No,20,4,4,80,0,2,1,4,1,1,1,1,No
31,Non-Travel,1178,Human Resources,20,3,Medical,1,620,2,Female,69,1,4,Research Scientist,1,Divorced,3716,19509,5,Y,Yes,20,4,3,80,1,3,5,4,3,2,0,3,Yes
50,Travel_Frequently,708,Human Resources,6,1,Human Resources,1,621,3,Male,44,4,3,Sales Representative,3,Single,3884,4606,2,Y,No,24,3,1,80,3,15,1,3,4,2,2,4,No
27,Travel_Rarely,114,Sales,3,5,Technical Degree,1,622,1,Female,89,4,5,Research Scientist,3,Single,8609,8004,1,Y,Yes,15,4,4,80,1,6,1,3,2,2,1,2,Yes
41,Non-Travel,1364,Research & Development,2,3,Life Sciences,1,623,3,Female,52,4,3,Research Scientist,2,Married,2389,24830,8,Y,No,25,4,1,80,0,16,0,4,14,2,0,0,No
19,Travel_Rarely,190,Human Resources,6,3,Other,1,624,3,Female,67,3,4,Sales Executive,2,Married,7531,14084,8,Y,Yes,24,4,4,80,2,5,2,3,2,1,0,2,Yes
53,Travel_Frequently,733,Human Resources,6,3,Medical,1,625,4,Male,35,2,3,Human Resources,3,Divorced,9157,9066,8,Y,Yes,18,3,3,80,0,5,5,2,2,2,1,1,No
56,Travel_Frequently,1456,Human Resources,22,5,Medical,1,626,2,Male,70,1,1,Sales Executive,3,Single,7528,19316,4,Y,Yes,19,3,3,80,3,11,6,4,10,4,0,4,No
51,Non-Travel,918,Research & Development,22,3,Technical Degree,1,627,2,Female,57,3,3,Manager,4,Divorced,13423,23240,2,Y,Yes,11,3,3,80,0,21,6,3,8,3,0,2,No
25,Travel_Rarely,1397,Human Resources,10,3,Human Resources,1,628,4,Female,45,1,3,Research Scientist,2,Divorced,2916,21930,9,Y,No,12,4,2,80,3,21,6,3,12,2,3,0,Yes
58,Non-Travel,819,Research & Development,24,1,Medical,1,629,2,Female,78,3,5,Manufacturing Director,1,Married,8213,6942,6,Y,Yes,11,3,1,80,3,9,0,4,3,2,3,0,Yes
45,Travel_Rarely,1319,Research & Development,11,5,Human Resources,1,630,4,Male,59,2,3,Human Resources,3,Divorced,3585,7309,4,Y,No,24,4,2,80,0,9,3,2,4,3,3,1,No
46,Travel_Frequently,986,Sales,5,4,Human Resources,1,631,2,Female,41,3,4,Human Resources,1,Divorced,2411,24995,8,Y,No,11,3,3,80,2,10,6,1,2,1,2,1,No
36,Travel_Rarely,1479,Human Resources,12,3,Marketing,1,632,2,Female,63,1,4,Research Director,3,Divorced,12782,12929,3,Y,No,18,3,3,80,1,10,6,2,4,2,1,4,No
26,Travel_Rarely,1265,Sales,27,2,Marketing,1,633,4,Male,50,4,3,Research Director,4,Married,1607,20139,5,Y,Yes,14,3,4,80,2,11,0,2,2,1,1,2,No
59,Travel_Frequently,479,Sales,15,4,Marketing,1,634,3,Male,64,2,1,Manager,1,Divorced,7738,14165,5,Y,No,22,4,4,80,1,3,1,4,1,1,1,0,Yes
26,Non-Travel,1474,Sales,14,5,Other,1,635,3,Female,92,3,3,Sales Representative,1,Single,6820,3636,4,Y,Yes,21,4,4,80,0,15,3,4,3,1,3,3,Yes
52,Non-Travel,1331,Research & Development,20,2,Marketing,1,636,1,Male,93,4,2,Manufacturing Director,4,Divorced,5588,20862,4,Y,Yes,15,3,4,80,3,9,3,1,2,1,1,2,Yes
58,Non-Travel,243,Sales,26,4,Medical,1,637,2,Female,51,1,4,Manufacturing Director,3,Single,3582,26408,1,Y,Yes,21,4,3,80,1,11,6,3,3,2,0,3,Yes
54,Travel_Rarely,333,Sales,24,2,Life Sciences,1,638,1,Male,39,1,5,Manager,2,Single,6322,21201,8,Y,No,17,3,4,80,1,18,0,2,4,1,0,4,No
44,Travel_Frequently,950,Human Resources,20,4,Marketing,1,639,3,Female,69,3,1,Sales Executive,1,Married,4180,3082,6,Y,No,18,3,1,80,3,13,5,2,2,2,1,0,No
35,Travel_Frequently,1470,Human Resources,14,5,Medical,1,640,1,Male,85,4,4,Healthcare Representative,3,Single,5358,15723,8,Y,No,14,3,4,80,1,13,2,1,2,2,0,0,No
22,Non-Travel,530,Human Resources,7,3,Marketing,1,641,1,Female,79,1,2,Sales Executive,4,Divorced,3836,19997,8,Y,Yes,14,4,3,80,2,7,1,2,6,1,0,0,Yes
37,Travel_Frequently,544,Sales,28,3,Marketing,1,642,4,Male,94,3,1,Human Resources,4,Single,7900,21014,8,Y,Yes,15,3,4,80,2,10,2,2,9,3,0,0,Yes
41,Travel_Frequently,964,Sales,10,5,Human Resources,1,643,4,Female,99,4,4,Manager,3,Single,2273,9535,8,Y,No,15,3,4,80,1,4,1,4,1,1,0,1,Yes
33,Travel_Frequently,630,Research & Development,21,5,Medical,1,644,1,Female,75,4,5,Manager,1,Married,4731,22328,7,Y,Yes,23,3,3,80,3,5,6,1,1,1,1,1,Yes
43,Travel_Frequently,242,Research & Development,29,4,Marketing,1,645,1,Female,73,2,2,Manager,4,Single,10736,24940,2,Y,Yes,19,3,3,80,0,6,5,2,1,1,1,0,No
38,Travel_Rarely,675,Human Resources,5,3,Other,1,646,1,Female,94,2,4,Manufacturing Director,2,Single,4854,24276,0,Y,No,16,3,1,80,1,16,2,2,8,2,1,3,No
48,Non-Travel,605,Sales,25,3,Medical,1,647,3,Female,51,1,3,Laboratory Technician,4,Single,3162,14770,4,Y,Yes,18,4,2,80,1,10,3,2,6,2,1,0,Yes
26,Non-Travel,1292,Sales,27,5,Other,1,648,1,Female,67,1,3,Human Resources,2,Married,2389,13390,4,Y,No,25,3,1,80,0,8,1,2,5,2,3,0,Yes
24,Travel_Frequently,963,Human Resources,26,1,Life Sciences,1,649,3,Male,98,2,4,Sales Executive,4,Single,5725,24278,6,Y,Yes,12,3,2,80,2,3,5,3,3,3,1,1,No
22,Travel_Frequently,872,Research & Development,17,4,Other,1,650,3,Female,48,4,2,Research Scientist,4,Married,7291,26080,8,Y,No,18,3,2,80,3,13,6,1,1,1,0,0,Yes
49,Travel_Frequently,1258,Human Resources,12,2,Life Sciences,1,651,2,Female,98,1,3,Healthcare Representative,3,Single,1590,25148,2,Y,No,16,4,1,80,2,1,1,1,1,1,1,1,No
37,Non-Travel,1243,Human Resources,4,1,Human Resources,1,652,2,Male,42,2,2,Manufacturing Director,1,Married,6096,6076,1,Y,No,24,3,2,80,3,5,3,1,3,3,0,2,Yes
35,Non-Travel,279,Human Resources,20,4,Technical Degree,1,653,2,Male,33,1,1,Research Director,4,Married,4055,13094,7,Y,No,15,4,1,80,2,9,6,3,3,2,1,3,No
42,Non-Travel,1359,Sales,18,2,Marketing,1,654,3,Female,79,4,2,Laboratory Technician,2,Divorced,3357,17389,1,Y,No,25,4,4,80,0,20,3,1,9,4,0,7,No
50,Travel_Rarely,523,Sales,27,5,Marketing,1,655,3,Male,31,1,4,Research Scientist,4,Married,8192,21561,3,Y,No,23,3,1,80,1,15,0,3,8,1,6,7,No
19,Non-Travel,1245,Human Resources,15,3,Other,1,656,3,Female,60,4,4,Healthcare Representative,4,Married,5462,6248,3,Y,No,22,3,3,80,2,7,3,1,5,1,1,3,No
51,Travel_Frequently,577,Research & Development,26,2,Technical Degree,1,657,2,Male,67,3,4,Human Resources,2,Single,3939,10661,6,Y,Yes,11,3,3,80,0,17,3,4,3,2,0,3,Yes
53,Non-Travel,1121,Sales,9,5,Other,1,658,4,Male,90,2,4,Healthcare Representative,3,Single,7494,13332,5,Y,Yes,15,3,3,80,3,8,0,3,3,2,1,3,No
49,Travel_Frequently,310,Sales,25,4,Human Resources,1,659,1,Male,48,3,3,Research Scientist,3,Single,7367,26073,6,Y,No,13,3,2,80,0,13,2,4,3,3,0,3,No
32,Travel_Frequently,599,Sales,29,2,Human Resources,1,660,1,Male,76,3,2,Research Scientist,3,Single,7393,8787,3,Y,No,11,4,3,80,0,16,4,2,3,3,3,1,Yes
50,Travel_Frequently,611,Sales,12,4,Other,1,661,4,Male,67,3,2,Healthcare Representative,4,Single,10894,8655,7,Y,Yes,19,3,3,80,0,12,0,4,7,6,1,4,Yes
49,Travel_Frequently,451,Human Resources,1,5,Technical Degree,1,662,2,Female,65,1,5,Manager,2,Divorced,3663,9959,0,Y,No,25,3,4,80,1,13,4,2,1,1,0,1,Yes
42,Travel_Rarely,551,Sales,12,3,Human Resources,1,663,2,Female,43,3,4,Human Resources,2,Divorced,4363,16755,2,Y,No,19,4,3,80,2,6,3,3,2,2,0,1,No
26,Travel_Frequently,1382,Human Resources,2,3,Marketing,1,664,4,Female,52,4,1,Human Resources,1,Divorced,3828,20280,2,Y,Yes,25,3,4,80,3,6,5,4,2,2,0,0,No
21,Travel_Frequently,582,Research & Development,15,5,Technical Degree,1,665,3,Female,32,4,2,Healthcare Representative,2,Single,6697,3376,9,Y,No,11,4,3,80,0,11,3,1,6,1,0,5,Yes
49,Travel_Frequently,1479,Human Resources,21,4,Marketing,1,666,3,Female,50,4,3,Laboratory Technician,1,Divorced,4073,16717,4,Y,Yes,16,3,1,80,3,18,1,2,11,6,3,4,No
28,Travel_Frequently,829,Research & Development,26,2,Life Sciences,1,667,3,Female,99,3,4,Research Director,1,Married,8881,14317,4,Y,Yes,17,3,2,80,0,5,3,3,4,1,3,4,No
38,Travel_Rarely,725,Human Resources,19,5,Technical Degree,1,668,3,Female,58,2,5,Manager,4,Married,2745,7104,3,Y,Yes,17,4,3,80,3,15,1,4,1,1,0,1,Yes
34,Travel_Frequently,1306,Human Resources,23,4,Medical,1,669,2,Female,71,4,5,Sales Representative,3,Single,4742,6362,5,Y,No,23,3,3,80,1,8,2,3,1,1,1,1,No
43,Travel_Frequently,1043,Human Resources,26,1,Other,1,670,2,Female,91,4,4,Healthcare Representative,1,Married,2360,2903,0,Y,Yes,22,4,1,80,2,19,4,2,5,5,0,2,No
45,Travel_Frequently,702,Sales,24,1,Life Sciences,1,671,1,Female,57,4,5,Laboratory Technician,4,Divorced,10453,19745,1,Y,No,17,4,4,80,2,20,4,3,6,5,0,0,Yes
57,Travel_Rarely,405,Human Resources,26,2,Marketing,1,672,3,Male,35,4,2,Research Director,1,Single,2247,13463,2,Y,Yes,16,4,3,80,2,23,1,3,11,1,1,0,No
20,Travel_Rarely,1385,Sales,3,5,Marketing,1,673,1,Female,57,4,3,Laboratory Technician,4,Single,4816,7082,5,Y,No,21,4,1,80,2,5,5,2,3,2,3,2,No
58,Travel_Rarely,257,Sales,21,1,Life Sciences,1,674,1,Female,61,3,1,Research Scientist,4,Single,3843,8724,2,Y,No,18,3,3,80,3,16,2,3,10,5,0,2,No
44,Travel_Frequently,221,Research & Development,16,4,Other,1,675,3,Male,56,1,5,Manager,3,Married,8524,16306,6,Y,Yes,24,3,2,80,1,21,2,2,9,2,6,0,No
57,Travel_Frequently,949,Sales,18,4,Technical Degree,1,676,2,Male,51,1,5,Sales Executive,2,Divorced,2415,25783,4,Y,No,21,3,3,80,0,5,6,1,2,1,2,1,Yes
18,Travel_Rarely,1315,Research & Development,14,4,Life Sciences,1,677,1,Male,78,4,4,Sales Representative,3,Married,3271,3965,4,Y,No,17,4,4,80,3,3,1,3,1,1,1,1,Yes
32,Travel_Frequently,933,Sales,17,2,Other,1,678,3,Male,90,4,5,Manufacturing Director,1,Divorced,4181,26808,1,Y,Yes,12,3,3,80,2,8,2,1,1,1,1,0,Yes
52,Travel_Frequently,789,Human Resources,26,2,Medical,1,679,3,Male,47,3,3,Healthcare Representative,3,Divorced,7620,22239,9,Y,Yes,20,4,2,80,3,22,3,3,11,1,0,9,Yes
20,Travel_Rarely,1433,Human Resources,5,1,Marketing,1,680,2,Male,78,4,3,Healthcare Representative,3,Divorced,2827,14743,6,Y,Yes,25,3,3,80,2,15,6,4,3,3,1,3,No
35,Travel_Frequently,661,Sales,16,2,Life Sciences,1,681,2,Male,66,2,4,Sales Representative,4,Married,5215,12707,0,Y,Yes,24,3,1,80,3,9,3,2,2,1,0,1,Yes
34,Travel_Rarely,664,Sales,1,5,Human Resources,1,682,4,Female,60,3,2,Sales Executive,3,Divorced,3219,20228,9,Y,Yes,25,4,1,80,1,11,5,3,2,1,0,2,No
20,Travel_Rarely,268,Sales,6,3,Technical Degree,1,683,4,Male,44,1,2,Manufacturing Director,1,Divorced,4072,24758,8,Y,No,17,3,4,80,1,16,5,2,9,8,1,0,No
58,Travel_Rarely,362,Human Resources,9,3,Marketing,1,684,3,Male,41,1,3,Sales Executive,3,Divorced,2111,2084,9,Y,Yes,11,3,4,80,1,15,1,1,5,1,0,0,Yes
21,Non-Travel,826,Sales,13,2,Other,1,685,1,Female,94,2,2,Manager,4,Married,2937,21859,5,Y,Yes,15,3,2,80,2,11,4,2,3,1,3,3,Yes
41,Non-Travel,859,Research & Development,3,5,Medical,1,686,2,Female,58,2,1,Manager,1,Single,10187,25795,7,Y,No,24,4,4,80,3,16,3,2,8,5,1,2,No
50,Non-Travel,194,Human Resources,17,5,Other,1,687,3,Female,84,2,3,Healthcare Representative,2,Single,4483,8259,2,Y,Yes,22,4,1,80,2,13,3,1,4,1,0,1,Yes
34,Travel_Frequently,564,Research & Development,15,4,Human Resources,1,688,4,Male,44,2,5,Research Director,3,Single,4640,3374,3,Y,Yes,13,3,4,80,2,17,1,2,6,1,2,1,Yes
46,Travel_Frequently,992,Research & Development,19,1,Technical Degree,1,689,2,Male,51,4,5,Human Resources,1,Divorced,3498,22976,3,Y,No,22,4,3,80,1,18,5,4,7,2,0,7,No
58,Non-Travel,1125,Sales,2,3,Medical,1,690,1,Female,96,3,4,Manager,1,Divorced,2138,18246,4,Y,Yes,11,3,4,80,2,9,4,4,3,2,0,0,No
18,Travel_Rarely,820,Human Resources,12,2,Human Resources,1,691,4,Female,99,4,5,Sales Representative,2,Divorced,2382,8834,5,Y,Yes,20,4,4,80,1,2,6,4,2,2,2,1,No
42,Non-Travel,1135,Research & Development,1,4,Marketing,1,692,2,Male,54,4,5,Sales Representative,3,Single,2736,7315,5,Y,Yes,20,3,3,80,3,15,6,3,1,1,1,1,Yes
26,Travel_Rarely,1272,Sales,25,1,Medical,1,693,3,Male,87,3,4,Laboratory Technician,3,Married,8502,14329,2,Y,Yes,11,4,3,80,2,21,6,1,7,1,3,2,Yes
34,Non-Travel,1025,Human Resources,3,2,Technical Degree,1,694,1,Female,58,2,4,Sales Representative,2,Single,5423,9693,2,Y,No,22,3,2,80,1,3,6,3,1,1,1,1,Yes
31,Travel_Rarely,1239,Human Resources,4,3,Medical,1,695,2,Female,71,1,5,Research Scientist,4,Single,4222,26686,7,Y,No,19,3,3,80,1,10,2,1,10,1,4,3,No
39,Non-Travel,489,Sales,28,2,Other,1,696,1,Female,91,1,3,Manager,2,Married,13322,3239,6,Y,Yes,16,3,4,80,2,3,6,4,1,1,1,0,No
41,Travel_Rarely,858,Research & Development,24,3,Other,1,697,2,Male,30,2,5,Human Resources,1,Married,1686,17819,8,Y,Yes,16,4,1,80,1,12,0,1,3,3,3,3,No
60,Travel_Rarely,970,Human Resources,10,4,Other,1,698,1,Male,86,2,3,Research Scientist,2,Divorced,4454,3196,1,Y,No,23,4,1,80,1,15,4,3,9,1,0,1,Yes
58,Non-Travel,479,Human Resources,26,3,Other,1,699,4,Male,81,1,3,Manufacturing Director,3,Divorced,7230,16093,0,Y,No,23,3,3,80,0,35,0,1,27,2,1,1,No
34,Non-Travel,1061,Human Resources,2,2,Technical Degree,1,700,3,Female,38,2,4,Manager,1,Single,3956,7084,8,Y,Yes,16,3,4,80,0,16,0,3,4,1,1,3,No
54,Non-Travel,1152,Human Resources,19,4,Marketing,1,701,3,Male,56,2,5,Sales Representative,4,Divorced,10241,15986,0,Y,No,17,3,3,80,2,17,6,2,11,1,2,8,No
35,Travel_Frequently,967,Research & Development,3,1,Marketing,1,702,4,Female,43,2,3,Human Resources,1,Divorced,5948,23196,0,Y,No,19,3,2,80,0,2,4,1,1,1,0,0,No
45,Non-Travel,1410,Research & Development,27,2,Human Resources,1,703,1,Male,35,3,2,Manufacturing Director,3,Married,19617,24483,4,Y,No,15,4,2,80,0,8,2,4,4,2,0,4,No
42,Travel_Frequently,1033,Research & Development,19,4,Life Sciences,1,704,1,Male,69,1,5,Research Director,2,Married,4333,12254,1,Y,Yes,17,3,4,80,3,16,4,4,6,1,2,0,Yes
24,Travel_Frequently,857,Research & Development,11,5,Medical,1,705,3,Male,80,4,1,Sales Executive,4,Married,3612,13170,0,Y,Yes,12,4,3,80,2,18,3,1,12,2,1,4,No
59,Non-Travel,338,Human Resources,10,5,Human Resources,1,706,4,Male,77,1,2,Healthcare Representative,2,Single,4341,25915,6,Y,Yes,24,4,1,80,0,9,3,4,2,1,2,2,Yes
41,Travel_Frequently,852,Sales,17,4,Marketing,1,707,2,Male,48,3,3,Laboratory Technician,3,Single,7762,9008,9,Y,No,12,3,1,80,3,13,0,1,5,1,0,0,No
41,Non-Travel,384,Sales,24,4,Medical,1,708,3,Male,99,3,4,Sales Representative,4,Divorced,7655,6787,7,Y,No,17,3,1,80,3,22,0,1,10,2,2,2,No
55,Non-Travel,189,Sales,8,2,Other,1,709,2,Male,47,2,2,Research Director,2,Divorced,7423,25533,9,Y,No,17,3,3,80,2,15,4,1,1,1,1,0,Yes
57,Travel_Rarely,434,Human Resources,15,1,Life Sciences,1,710,4,Female,92,4,3,Sales Representative,4,Married,5362,23518,2,Y,No,16,3,3,80,3,6,6,4,1,1,1,1,No
32,Non-Travel,475,Sales,25,5,Other,1,711,1,Male,95,2,5,Manufacturing Director,1,Divorced,3967,8175,7,Y,No,18,3,4,80,3,17,6,1,4,4,1,2,Yes
37,Travel_Frequently,1402,Human Resources,12,3,Human Resources,1,712,1,Male,44,4,1,Sales Executive,2,Married,9609,4995,9,Y,Yes,19,4,4,80,0,12,3,3,3,2,0,3,Yes
50,Travel_Frequently,803,Human Resources,25,1,Human Resources,1,713,1,Male,50,4,5,Sales Representative,3,Single,3279,25043,6,Y,No,20,3,4,80,2,8,1,1,4,2,2,1,Yes
56,Travel_Rarely,825,Research & Development,15,5,Marketing,1,714,4,Male,59,2,4,Laboratory Technician,1,Married,2942,8218,4,Y,Yes,24,3,2,80,3,16,2,3,13,11,0,2,No
40,Travel_Frequently,321,Research & Development,13,2,Human Resources,1,715,3,Female,78,2,2,Research Scientist,3,Divorced,5819,8360,0,Y,Yes,18,4,2,80,2,5,4,4,2,1,1,2,No
27,Travel_Rarely,580,Research & Development,29,5,Technical Degree,1,716,2,Female,81,4,1,Human Resources,4,Divorced,5877,21130,7,Y,Yes,15,3,4,80,0,13,2,4,3,1,0,3,No
20,Travel_Rarely,559,Human Resources,27,5,Medical,1,717,1,Male,56,3,1,Human Resources,4,Married,6178,4234,4,Y,No,18,4,3,80,3,14,0,1,13,2,2,0,Yes
19,Travel_Rarely,494,Human Resources,17,4,Other,1,718,2,Female,99,1,5,Research Scientist,4,Married,7661,23148,4,Y,No,19,4,1,80,2,11,6,4,9,1,1,1,No
45,Non-Travel,1059,Research & Development,2,5,Other,1,719,2,Male,36,4,2,Manager,2,Married,4241,23400,5,Y,Yes,14,3,1,80,0,15,6,2,1,1,1,1,No
59,Non-Travel,688,Human Resources,11,1,Medical,1,720,2,Female,91,3,2,Research Director,2,Single,4783,11864,0,Y,Yes,21,3,4,80,2,11,2,1,9,2,0,0,Yes
57,Non-Travel,870,Research & Development,14,4,Life Sciences,1,721,2,Male,96,2,1,Laboratory Technician,2,Divorced,8182,12199,0,Y,Yes,22,4,3,80,1,12,2,4,7,1,3,4,Yes
40,Travel_Frequently,138,Human Resources,11,3,Life Sciences,1,722,2,Female,32,2,3,Laboratory Technician,4,Divorced,8918,5408,2,Y,Yes,19,3,1,80,2,5,6,4,1,1,0,1,Yes
27,Travel_Frequently,893,Research & Development,27,2,Medical,1,723,2,Male,98,3,2,Sales Executive,3,Single,5106,5656,2,Y,No,13,3,2,80,2,6,3,3,3,2,3,3,No
50,Non-Travel,726,Human Resources,7,3,Other,1,724,1,Male,52,4,4,Laboratory Technician,4,Married,11947,3853,1,Y,Yes,18,3,1,80,3,20,5,2,15,1,1,2,Yes
41,Travel_Rarely,664,Sales,14,5,Other,1,725,1,Female,35,3,5,Healthcare Representative,2,Single,4445,15686,2,Y,No,12,4,3,80,0,13,0,3,4,2,4,4,No
48,Travel_Frequently,356,Sales,14,2,Other,1,726,3,Female,89,2,4,Research Scientist,2,Divorced,4014,7106,4,Y,No,20,3,4,80,3,3,5,3,2,1,2,2,No
39,Non-Travel,686,Sales,6,5,Technical Degree,1,727,2,Male,48,3,2,Healthcare Representative,3,Married,9939,16323,4,Y,Yes,13,4,4,80,3,12,5,2,7,3,1,1,No
19,Travel_Rarely,222,Research & Development,28,2,Medical,1,728,1,Male,94,2,3,Human Resources,1,Divorced,4615,16980,9,Y,No,20,4,2,80,1,11,4,1,1,1,1,1,Yes
25,Travel_Rarely,210,Human Resources,7,3,Medical,1,729,4,Female,57,3,2,Sales Executive,3,Married,4072,7166,1,Y,No,16,3,2,80,1,9,1,1,3,2,3,0,No
53,Travel_Frequently,1367,Sales,25,2,Other,1,730,2,Female,85,3,1,Sales Executive,2,Married,3712,2058,2,Y,No,20,3,4,80,2,8,3,1,4,4,4,2,Yes
54,Travel_Rarely,232,Human Resources,7,1,Other,1,731,2,Female,35,1,1,Healthcare Representative,1,Married,5405,22171,3,Y,Yes,24,4,3,80,0,8,4,2,5,2,5,2,No
46,Travel_Rarely,1370,Research & Development,23,5,Marketing,1,732,1,Female,31,3,3,Manufacturing Director,4,Divorced,4065,16960,6,Y,Yes,24,3,3,80,2,5,2,4,5,5,2,1,Yes
43,Non-Travel,1307,Research & Development,3,1,Human Resources,1,733,3,Male,37,4,1,Human Resources,4,Married,4234,12960,8,Y,Yes,24,3,4,80,0,2,0,3,1,1,0,0,No
46,Non-Travel,393,Research & Development,29,1,Marketing,1,734,2,Female,65,2,4,Healthcare Representative,4,Divorced,3477,19933,8,Y,Yes,19,4,1,80,2,14,5,1,1,1,0,0,Yes
57,Non-Travel,1347,Sales,1,4,Medical,1,735,3,Male,84,4,1,Human Resources,4,Married,6810,7620,9,Y,Yes,13,4,4,80,0,14,3,1,1,1,0,1,Yes
19,Travel_Frequently,1016,Sales,20,3,Life Sciences,1,736,2,Male,43,1,1,Laboratory Technician,3,Single,8936,17735,6,Y,No,13,3,3,80,2,14,3,4,5,2,1,1,No
21,Travel_Frequently,301,Sales,26,5,Technical Degree,1,737,1,Female,96,4,2,Sales Executive,3,Married,9718,10464,1,Y,No,13,3,4,80,3,2,4,4,2,1,0,1,No
55,Travel_Rarely,291,Human Resources,9,4,Medical,1,738,1,Male,82,2,2,Healthcare Representative,3,Single,6236,3941,4,Y,Yes,25,4,3,80,2,13,4,2,10,1,0,10,Yes
42,Non-Travel,1466,Human Resources,1,4,Human Resources,1,739,3,Male,83,4,1,Healthcare Representative,3,Divorced,4570,17474,0,Y,Yes,25,3,3,80,2,17,6,1,4,3,2,1,Yes
36,Travel_Rarely,603,Sales,1,3,Other,1,740,4,Female,70,4,1,Manager,2,Single,4281,6234,0,Y,No,13,3,2,80,1,13,6,3,12,5,0,5,No
49,Travel_Frequently,607,Research & Development,20,1,Technical Degree,1,741,4,Female,44,2,1,Laboratory Technician,1,Single,4640,23224,7,Y,Yes,21,4,1,80,0,10,2,1,7,2,1,0,Yes
48,Travel_Rarely,964,Sales,21,2,Marketing,1,742,2,Female,44,2,2,Sales Representative,4,Single,10231,18183,0,Y,Yes,22,3,1,80,3,14,3,4,9,4,2,2,No
60,Travel_Frequently,338,Sales,8,1,Human Resources,1,743,1,Female,43,2,5,Laboratory Technician,1,Divorced,5855,24050,6,Y,No,11,3,2,80,1,12,3,3,1,1,0,0,No
22,Travel_Frequently,111,Sales,19,4,Life Sciences,1,744,4,Female,92,4,2,Sales Representative,1,Divorced,3715,24322,1,Y,No,11,3,2,80,0,8,4,1,5,1,2,5,Yes
41,Non-Travel,1117,Human Resources,11,2,Other,1,745,1,Male,49,1,2,Human Resources,1,Divorced,13186,4478,3,Y,Yes,25,4,4,80,3,8,1,2,8,2,0,5,Yes
21,Non-Travel,1085,Sales,28,1,Human Resources,1,746,3,Female,41,1,2,Manufacturing Director,4,Divorced,4074,21905,3,Y,Yes,25,4,1,80,1,18,2,4,10,1,0,0,No
20,Travel_Rarely,985,Human Resources,1,3,Marketing,1,747,3,Female,65,4,4,Sales Executive,3,Married,6501,23144,1,Y,No,19,3,2,80,3,16,0,1,7,2,1,0,No
25,Travel_Rarely,501,Research & Development,16,2,Technical Degree,1,748,4,Female,49,4,3,Research Director,4,Divorced,8779,14342,1,Y,Yes,13,3,1,80,0,6,4,2,1,1,1,0,No
51,Non-Travel,1103,Sales,11,3,Technical Degree,1,749,2,Male,98,3,2,Research Director,2,Divorced,5520,26079,6,Y,Yes,24,3,1,80,1,18,4,2,10,1,3,1,Yes
47,Travel_Rarely,1098,Human Resources,11,5,Technical Degree,1,750,4,Female,79,1,4,Human Resources,1,Married,3327,22405,2,Y,No,21,4,4,80,2,16,4,2,2,1,2,2,Yes
38,Travel_Frequently,318,Research & Development,16,5,Life Sciences,1,751,4,Female,74,1,5,Manufacturing Director,3,Married,2698,5283,3,Y,Yes,23,3,1,80,1,10,5,4,1,1,0,0,No
54,Travel_Rarely,1083,Sales,20,4,Other,1,752,1,Female,50,3,5,Research Scientist,4,Divorced,6147,6046,9,Y,No,16,3,3,80,0,19,0,1,7,1,4,2,Yes
51,Non-Travel,385,Human Resources,26,5,Human Resources,1,753,1,Male,44,2,1,Sales Representative,3,Married,2523,25551,7,Y,No,13,4,1,80,2,18,4,1,5,4,1,1,Yes
54,Non-Travel,1305,Sales,3,3,Other,1,754,4,Male,98,4,3,Manager,4,Single,2034,3292,7,Y,Yes,13,3,3,80,0,4,6,2,1,1,1,1,Yes
24,Travel_Frequently,726,Human Resources,3,4,Marketing,1,755,4,Female,33,2,1,Sales Executive,4,Divorced,3700,14176,0,Y,No,14,4,3,80,2,11,2,4,4,2,0,4,No
27,Travel_Rarely,1111,Sales,21,1,Medical,1,756,4,Male,55,1,4,Research Scientist,4,Divorced,12097,18361,3,Y,No,16,3,2,80,0,18,4,1,18,2,0,1,Yes
59,Non-Travel,1339,Research & Development,7,5,Life Sciences,1,757,1,Female,71,2,2,Research Director,4,Single,11940,22359,0,Y,Yes,23,4,4,80,1,13,1,1,1,1,1,1,Yes
49,Travel_Frequently,1284,Research & Development,20,2,Technical Degree,1,758,3,Male,41,3,1,Research Director,1,Divorced,5732,2777,3,Y,Yes,12,3,3,80,1,5,6,4,1,1,1,1,Yes
39,Non-Travel,1154,Human Resources,21,2,Other,1,759,4,Male,67,1,5,Healthcare Representative,4,Single,8108,24269,1,Y,Yes,22,3,2,80,3,6,5,4,6,1,2,0,Yes
52,Travel_Rarely,338,Human Resources,17,4,Medical,1,760,2,Male,61,3,3,Manager,2,Divorced,3910,15582,2,Y,No,16,4,2,80,1,18,3,1,6,2,2,0,Yes
32,Travel_Rarely,627,Sales,11,2,Technical Degree,1,761,4,Male,62,2,2,Sales Executive,3,Single,5556,25549,1,Y,No,13,3,3,80,3,19,5,4,11,1,0,0,No
27,Travel_Rarely,1204,Human Resources,27,3,Technical Degree,1,762,1,Female,44,4,2,Human Resources,4,Single,4326,25576,8,Y,Yes,15,4,4,80,3,8,0,1,3,1,1,3,No
43,Travel_Frequently,1027,Research & Development,23,2,Life Sciences,1,763,1,Female,48,2,4,Manager,3,Divorced,5602,13201,7,Y,Yes,15,3,1,80,2,4,2,4,2,1,0,2,Yes
50,Non-Travel,1473,Sales,8,4,Marketing,1,764,1,Female,81,3,5,Research Scientist,1,Divorced,9109,5299,0,Y,No,15,4,2,80,1,10,4,4,1,1,1,1,No
53,Non-Travel,623,Human Resources,20,1,Life Sciences,1,765,3,Male,46,3,2,Manufacturing Director,3,Divorced,2653,16608,2,Y,Yes,23,3,1,80,1,11,1,2,4,3,2,2,Yes
38,Travel_Frequently,807,Human Resources,21,5,Human Resources,1,766,1,Female,44,1,3,Healthcare Representative,3,Married,12421,9437,2,Y,No,12,4,2,80,1,5,4,1,1,1,0,1,No
24,Non-Travel,1495,Human Resources,3,2,Other,1,767,1,Female,46,1,5,Research Director,2,Married,6512,10117,6,Y,Yes,21,4,2,80,2,13,5,3,7,2,1,1,No
40,Travel_Rarely,1318,Sales,4,5,Life Sciences,1,768,2,Male,81,1,3,Healthcare Representative,2,Single,4657,24389,6,Y,No,11,4,4,80,0,6,6,4,2,1,0,0,No
23,Non-Travel,655,Sales,20,3,Technical Degree,1,769,4,Female,96,2,2,Manufacturing Director,3,Single,3207,7691,9,Y,No,11,3,1,80,3,24,6,3,12,1,1,0,No
18,Travel_Rarely,1153,Human Resources,1,3,Other,1,770,3,Male,36,4,1,Manufacturing Director,3,Divorced,5471,4154,5,Y,No,25,3,2,80,2,12,0,3,1,1,1,1,Yes
43,Travel_Frequently,130,Sales,23,3,Human Resources,1,771,2,Female,56,1,1,Healthcare Representative,1,Single,6413,14960,9,Y,Yes,22,4,3,80,2,17,4,1,7,1,4,2,Yes
51,Non-Travel,465,Research & Development,25,4,Human Resources,1,772,1,Male,31,1,2,Sales Representative,3,Single,1430,16537,8,Y,Yes,25,3,4,80,1,2,2,1,1,1,1,1,Yes
45,Travel_Frequently,614,Research & Development,15,4,Life Sciences,1,773,2,Male,50,1,2,Research Director,4,Married,4785,15960,6,Y,Yes,15,3,4,80,1,12,0,2,1,1,1,1,Yes
42,Travel_Frequently,1324,Human Resources,26,3,Technical Degree,1,774,3,Male,89,3,3,Manager,3,Divorced,5440,18933,5,Y,No,25,4,3,80,0,13,5,1,4,1,1,4,No
40,Non-Travel,1147,Human Resources,17,1,Human Resources,1,775,2,Male,93,3,4,Manager,2,Single,2384,13258,5,Y,No,18,3,1,80,1,4,3,2,1,1,1,1,No
29,Travel_Rarely,847,Research & Development,9,3,Marketing,1,776,1,Male,63,4,5,Research Scientist,1,Married,11181,24407,3,Y,No,16,4,4,80,3,15,0,3,1,1,0,0,No
59,Travel_Rarely,1269,Sales,20,2,Human Resources,1,777,3,Male,92,3,5,Sales Representative,3,Married,8909,17982,0,Y,No,11,3,2,80,0,7,5,4,3,3,0,3,No
23,Travel_Rarely,230,Research & Development,17,2,Technical Degree,1,778,3,Male,49,3,3,Sales Representative,4,Married,16801,9549,8,Y,No,25,4,2,80,0,4,0,3,1,1,0,1,No
31,Non-Travel,118,Research & Development,24,2,Marketing,1,779,4,Male,65,1,2,Manufacturing Director,4,Single,3289,4184,6,Y,No,12,3,4,80,3,2,1,4,1,1,0,1,No
20,Travel_Frequently,1068,Sales,15,5,Human Resources,1,780,3,Male,33,2,5,Research Scientist,4,Married,5000,12792,8,Y,Yes,24,3,3,80,3,21,5,3,14,1,0,2,Yes
48,Travel_Frequently,666,Research & Development,10,5,Marketing,1,781,1,Male,67,3,1,Human Resources,1,Single,6439,17198,6,Y,Yes,11,3,4,80,0,10,3,2,1,1,1,1,Yes
40,Travel_Frequently,491,Sales,8,5,Other,1,782,4,Male,92,1,1,Research Director,2,Single,12940,23673,4,Y,No,20,4,3,80,3,17,2,3,4,4,1,0,No
56,Travel_Frequently,763,Human Resources,9,2,Technical Degree,1,783,1,Male,47,3,3,Research Scientist,3,Single,6198,2027,7,Y,No,23,4,1,80,3,15,0,1,3,1,0,2,Yes
53,Travel_Frequently,461,Research & Development,3,4,Medical,1,784,3,Male,48,2,4,Manufacturing Director,2,Married,2295,18782,2,Y,No,12,4,4,80,1,3,5,1,2,2,0,0,No
37,Travel_Frequently,306,Research & Development,17,5,Medical,1,785,2,Male,30,3,3,Research Scientist,3,Married,3923,20630,0,Y,Yes,11,4,2,80,2,6,5,4,1,1,1,1,Yes
53,Non-Travel,938,Human Resources,10,3,Life Sciences,1,786,2,Male,76,1,4,Human Resources,2,Divorced,1806,18078,1,Y,No,18,4,3,80,0,9,5,4,2,2,0,2,No
19,Non-Travel,206,Research & Development,13,5,Marketing,1,787,1,Male,35,3,3,Laboratory Technician,3,Single,7698,13133,1,Y,Yes,20,3,4,80,2,7,0,4,5,1,0,0,Yes
54,Travel_Frequently,1342,Research & Development,10,4,Life Sciences,1,788,3,Male,97,1,3,Human Resources,2,Single,2965,5824,4,Y,No,23,3,2,80,2,8,1,4,3,1,1,2,No
28,Travel_Frequently,1256,Sales,3,3,Life Sciences,1,789,3,Male,98,4,1,Research Scientist,1,Married,6379,26487,9,Y,No,23,4,1,80,0,12,5,2,7,1,1,1,Yes
31,Non-Travel,547,Human Resources,15,4,Marketing,1,790,1,Female,99,1,1,Research Director,4,Married,7223,19651,1,Y,Yes,11,3,3,80,0,21,0,3,13,4,1,0,No
18,Travel_Rarely,666,Human Resources,14,5,Technical Degree,1,791,4,Male,56,1,1,Human Resources,1,Single,2232,11483,9,Y,No,16,3,2,80,2,14,3,1,4,1,2,4,Yes
34,Travel_Frequently,237,Research & Development,18,2,Medical,1,792,1,Male,57,4,3,Research Director,1,Single,4927,13447,2,Y,No,20,4,2,80,2,14,3,2,5,1,1,0,No
47,Non-Travel,1369,Research & Development,27,4,Other,1,793,4,Female,67,2,4,Laboratory Technician,3,Married,8328,22187,6,Y,No,16,3,4,80,2,5,3,1,5,1,2,1,No
25,Travel_Rarely,198,Sales,19,3,Marketing,1,794,1,Female,39,4,4,Research Director,2,Married,7879,17903,8,Y,Yes,25,3,3,80,2,6,2,2,1,1,1,0,Yes
46,Non-Travel,1201,Research & Development,13,5,Life Sciences,1,795,4,Female,94,2,2,Laboratory Technician,2,Divorced,3870,23554,7,Y,Yes,13,3,2,80,1,5,0,1,2,2,2,1,Yes
33,Travel_Frequently,1435,Human Resources,6,1,Human Resources,1,796,1,Female,76,2,4,Research Scientist,4,Married,2897,6829,1,Y,No,23,3,2,80,3,10,4,1,2,2,2,2,Yes
38,Travel_Rarely,540,Sales,13,2,Technical Degree,1,797,4,Female,77,1,2,Human Resources,1,Single,4918,15258,8,Y,No,20,4,2,80,3,7,1,3,1,1,1,0,Yes
52,Travel_Frequently,400,Human Resources,7,3,Human Resources,1,798,4,Female,46,1,5,Sales Representative,1,Divorced,15366,17436,7,Y,Yes,23,3,2,80,1,16,4,2,2,2,2,0,Yes
58,Non-Travel,949,Human Resources,14,2,Other,1,799,1,Female,88,1,4,Research Scientist,1,Single,5477,5742,8,Y,No,24,4,1,80,2,5,1,4,2,1,1,0,Yes
43,Travel_Rarely,1335,Sales,4,5,Marketing,1,800,4,Female,77,1,5,Research Director,2,Single,9307,6609,8,Y,Yes,12,3,4,80,1,3,6,1,2,1,2,2,No
46,Travel_Frequently,862,Human Resources,12,1,Technical Degree,1,801,3,Male,42,4,4,Sales Representative,4,Single,4506,20857,4,Y,Yes,12,3,3,80,2,13,6,2,4,3,1,4,No
29,Travel_Rarely,843,Human Resources,7,1,Other,1,802,2,Male,41,3,4,Sales Executive,4,Married,6201,15603,6,Y,No,11,3,4,80,0,2,1,3,1,1,1,1,No
50,Travel_Rarely,361,Human Resources,5,2,Medical,1,803,1,Female,98,2,1,Research Director,3,Married,5271,8644,4,Y,No,12,3,4,80,2,11,2,2,7,3,3,1,No
19,Travel_Rarely,1074,Research & Development,13,5,Human Resources,1,804,1,Male,51,2,1,Manager,1,Divorced,6186,20522,7,Y,No,12,3,1,80,2,10,1,2,1,1,0,1,No
49,Travel_Frequently,1048,Research & Development,12,4,Human Resources,1,805,4,Male,68,3,5,Sales Executive,3,Single,6804,6113,6,Y,No,16,3,4,80,3,16,3,1,7,2,0,7,Yes
22,Travel_Rarely,722,Research & Development,24,1,Technical Degree,1,806,2,Female,41,4,4,Sales Executive,1,Divorced,9590,8817,8,Y,No,17,3,4,80,0,5,4,1,1,1,0,1,No
23,Travel_Frequently,689,Research & Development,3,1,Human Resources,1,807,4,Male,92,2,3,Sales Representative,2,Divorced,6486,15640,6,Y,Yes,24,4,2,80,2,6,0,1,1,1,1,0,Yes
29,Travel_Frequently,1251,Sales,3,2,Marketing,1,808,4,Female,97,4,2,Human Resources,2,Single,3673,20497,1,Y,No,24,3,4,80,1,21,6,4,7,4,0,5,No
44,Travel_Rarely,630,Human Resources,9,2,Life Sciences,1,809,4,Male,93,4,3,Laboratory Technician,2,Divorced,7524,14901,9,Y,Yes,23,3,3,80,3,2,2,2,1,1,1,0,Yes
36,Travel_Rarely,1212,Research & Development,28,2,Life Sciences,1,810,1,Male,68,2,5,Sales Representative,1,Divorced,7765,22881,4,Y,No,16,3,2,80,0,4,5,2,1,1,0,1,No
47,Non-Travel,550,Human Resources,2,5,Medical,1,811,1,Female,51,1,3,Sales Representative,3,Divorced,5823,15284,2,Y,No,22,4,4,80,1,14,3,1,1,1,0,1,No
43,Travel_Frequently,565,Research & Development,7,4,Medical,1,812,2,Male,87,4,3,Sales Representative,3,Married,6646,19970,6,Y,Yes,22,3,4,80,2,3,2,2,3,3,3,3,No
41,Non-Travel,1444,Human Resources,20,2,Human Resources,1,813,1,Female,70,4,3,Manufacturing Director,3,Married,4466,12262,5,Y,No,22,3,2,80,3,7,5,3,6,6,4,1,Yes
23,Non-Travel,960,Sales,6,1,Marketing,1,814,4,Male,37,1,1,Research Director,3,Divorced,7946,8846,0,Y,No,25,4,3,80,0,14,2,2,4,1,0,1,No
33,Non-Travel,388,Sales,20,1,Other,1,815,1,Female,89,4,1,Laboratory Technician,1,Married,8265,12362,9,Y,Yes,14,3,3,80,2,31,5,2,19,18,1,0,Yes
29,Travel_Rarely,962,Human Resources,16,4,Technical Degree,1,816,4,Male,92,4,2,Research Scientist,3,Divorced,3210,7849,4,Y,No,21,4,1,80,2,28,5,4,26,1,1,1,No
19,Travel_Rarely,557,Research & Development,17,5,Technical Degree,1,817,4,Female,58,4,5,Human Resources,2,Divorced,4891,11007,6,Y,No,21,3,3,80,0,9,5,1,5,5,0,0,No
27,Travel_Frequently,619,Research & Development,21,1,Marketing,1,818,3,Female,46,2,4,Sales Representative,2,Single,1702,7305,8,Y,Yes,13,3,2,80,2,15,0,4,9,2,0,2,Yes
30,Non-Travel,683,Human Resources,26,1,Human Resources,1,819,1,Female,57,1,2,Healthcare Representative,2,Single,3700,7818,5,Y,No,24,3,1,80,2,18,4,3,4,4,2,0,No
45,Non-Travel,1419,Human Resources,2,1,Marketing,1,820,3,Male,59,4,3,Sales Executive,2,Married,6350,19710,3,Y,No,24,4,1,80,0,12,2,2,6,2,0,0,Yes
35,Travel_Frequently,1425,Human Resources,14,1,Marketing,1,821,4,Male,90,2,3,Research Scientist,2,Divorced,2749,18546,0,Y,No,24,3,1,80,1,7,3,3,3,2,3,0,Yes
19,Non-Travel,520,Research & Development,13,1,Life Sciences,1,822,3,Male,36,2,4,Sales Executive,4,Divorced,4115,26255,7,Y,Yes,22,3,2,80,1,19,1,3,5,4,2,1,No
59,Travel_Frequently,1248,Research & Development,1,5,Other,1,823,1,Male,46,1,2,Laboratory Technician,2,Married,1981,7828,7,Y,Yes,18,4,4,80,2,13,4,1,7,1,1,6,Yes
20,Travel_Rarely,1140,Sales,8,4,Medical,1,824,3,Male,46,2,3,Manager,3,Married,7295,16309,9,Y,No,18,3,2,80,1,8,6,1,7,5,3,4,No
44,Non-Travel,668,Sales,2,4,Other,1,825,1,Male,43,2,2,Research Director,2,Single,7576,15679,5,Y,No,25,4,2,80,0,5,1,3,2,1,1,0,Yes
60,Travel_Rarely,1189,Research & Development,16,3,Medical,1,826,2,Female,45,3,2,Research Scientist,4,Married,8439,19923,9,Y,No,13,4,2,80,2,6,5,4,4,1,0,4,No
45,Travel_Rarely,353,Human Resources,1,4,Technical Degree,1,827,1,Female,75,1,1,Human Resources,2,Married,2775,17766,8,Y,No,13,3,3,80,3,4,3,3,1,1,1,1,Yes
24,Travel_Frequently,723,Research & Development,16,3,Technical Degree,1,828,1,Female,66,3,3,Sales Executive,2,Divorced,5218,26788,6,Y,No,21,3,1,80,3,12,0,4,3,1,3,2,No
44,Travel_Rarely,1370,Human Resources,8,5,Human Resources,1,829,1,Female,34,2,2,Sales Executive,3,Married,6570,5531,5,Y,No,18,4,1,80,1,20,5,3,10,4,1,0,No
18,Travel_Frequently,1337,Research & Development,3,4,Other,1,830,3,Female,73,2,4,Research Scientist,3,Married,7049,22470,7,Y,Yes,15,3,2,80,3,17,3,1,10,1,0,0,No
31,Non-Travel,1477,Human Resources,16,1,Marketing,1,831,3,Male,40,4,2,Manufacturing Director,4,Married,2209,7009,8,Y,Yes,22,4,3,80,1,8,4,4,5,3,3,2,No
57,Travel_Frequently,523,Sales,2,3,Life Sciences,1,832,1,Male,91,3,5,Sales Executive,3,Divorced,4049,9935,3,Y,No,11,3,1,80,0,5,5,4,3,2,0,1,No
48,Travel_Frequently,392,Human Resources,12,4,Medical,1,833,3,Male,99,2,2,Healthcare Representative,3,Single,3650,10463,8,Y,Yes,17,3,2,80,0,18,6,2,4,1,0,3,Yes
42,Non-Travel,328,Human Resources,27,2,Other,1,834,3,Male,30,1,5,Manufacturing Director,2,Divorced,3978,2589,6,Y,Yes,18,3,3,80,3,14,0,4,2,2,2,2,Yes
50,Travel_Frequently,731,Human Resources,23,3,Other,1,835,1,Male,49,1,2,Laboratory Technician,4,Single,3910,15235,0,Y,Yes,20,4,3,80,2,12,5,3,3,3,2,0,Yes
52,Non-Travel,1269,Research & Development,9,3,Technical Degree,1,836,2,Female,90,3,2,Research Scientist,3,Married,5501,19108,7,Y,No,25,3,3,80,0,7,6,3,4,3,3,0,No
18,Travel_Rarely,1468,Sales,10,4,Technical Degree,1,837,4,Female,88,3,3,Healthcare Representative,2,Married,2617,11622,7,Y,Yes,20,3,2,80,2,5,5,3,2,2,1,2,Yes
52,Travel_Frequently,864,Research & Development,6,1,Life Sciences,1,838,2,Female,38,3,3,Laboratory Technician,3,Single,5938,23150,7,Y,No,20,3,2,80,1,25,4,1,16,6,0,0,Yes
45,Travel_Rarely,1284,Research & Development,10,3,Human Resources,1,839,1,Female,71,2,2,Research Scientist,1,Single,20000,23248,5,Y,Yes,19,4,1,80,2,12,5,2,1,1,0,1,No
59,Travel_Rarely,172,Human Resources,3,4,Life Sciences,1,840,1,Male,67,4,1,Healthcare Representative,3,Single,2261,22900,7,Y,No,19,4,4,80,0,11,0,1,1,1,0,0,No
32,Travel_Rarely,917,Sales,28,5,Other,1,841,3,Male,36,4,5,Research Director,3,Single,13914,8641,7,Y,No,21,3,3,80,3,10,0,2,1,1,1,0,Yes
19,Travel_Frequently,1047,Human Resources,20,1,Human Resources,1,842,3,Male,49,3,2,Manager,4,Divorced,3902,18960,7,Y,No,18,3,2,80,1,4,1,4,4,1,1,4,No
21,Non-Travel,1391,Research & Development,13,1,Medical,1,843,1,Male,31,2,5,Research Scientist,4,Married,1909,20689,3,Y,No,22,3,3,80,3,11,5,3,1,1,1,0,Yes
60,Travel_Frequently,127,Human Resources,21,4,Other,1,844,4,Female,83,2,1,Manager,2,Married,6417,18722,5,Y,Yes,20,4,3,80,0,11,5,2,1,1,0,0,Yes
52,Travel_Frequently,188,Human Resources,17,5,Human Resources,1,845,1,Female,33,2,1,Research Scientist,2,Single,2533,24480,0,Y,No,18,3,2,80,0,14,5,2,5,3,0,0,No
41,Travel_Rarely,524,Research & Development,11,3,Human Resources,1,846,3,Male,82,3,2,Manufacturing Director,4,Married,9633,13624,7,Y,Yes,25,3,1,80,2,5,1,1,4,1,2,1,Yes
26,Non-Travel,471,Research & Development,24,5,Other,1,847,2,Female,46,2,1,Research Scientist,2,Married,5602,22914,0,Y,Yes,21,3,2,80,0,22,4,4,8,1,2,0,No
55,Travel_Rarely,176,Research & Development,25,5,Life Sciences,1,848,4,Male,36,1,4,Manufacturing Director,4,Single,7837,9466,7,Y,Yes,16,3,2,80,1,21,5,3,7,6,1,1,No
56,Non-Travel,1412,Sales,4,1,Marketing,1,849,2,Female,74,1,1,Human Resources,4,Divorced,1009,22221,5,Y,No,17,3,2,80,3,16,1,4,5,1,0,1,No
30,Travel_Frequently,1039,Sales,19,3,Life Sciences,1,850,2,Female,32,3,4,Sales Executive,1,Divorced,4193,7962,7,Y,Yes,11,4,4,80,2,11,0,3,1,1,1,1,Yes
36,Travel_Frequently,1016,Sales,9,3,Other,1,851,1,Male,95,2,1,Human Resources,3,Divorced,4313,10703,3,Y,Yes,20,3,4,80,1,11,4,3,1,1,1,1,No
23,Travel_Frequently,1319,Sales,26,5,Other,1,852,3,Male,91,3,2,Laboratory Technician,1,Married,4937,3963,9,Y,Yes,13,3,1,80,0,9,3,3,3,3,0,1,Yes
23,Travel_Rarely,403,Human Resources,19,3,Medical,1,853,3,Male,36,3,5,Laboratory Technician,3,Married,4602,3168,9,Y,Yes,19,4,2,80,0,11,4,4,8,2,0,0,No
31,Travel_Rarely,1053,Sales,9,1,Life Sciences,1,854,4,Female,68,1,1,Research Scientist,1,Divorced,3288,22055,1,Y,Yes,12,3,2,80,2,8,0,1,1,1,1,0,Yes
52,Travel_Frequently,1190,Sales,17,2,Other,1,855,2,Female,82,3,3,Sales Representative,2,Married,2767,18952,5,Y,Yes,12,3,3,80,0,1,4,4,1,1,0,0,No
27,Travel_Rarely,659,Human Resources,18,3,Marketing,1,856,2,Male,48,4,4,Human Resources,2,Single,3914,22553,7,Y,Yes,23,4,4,80,1,17,4,2,9,3,0,5,Yes
47,Travel_Rarely,1117,Sales,27,2,Technical Degree,1,857,1,Male,30,3,3,Healthcare Representative,2,Divorced,4412,25373,6,Y,No,16,3,4,80,1,16,1,3,2,1,0,0,No
36,Non-Travel,407,Research & Development,18,2,Life Sciences,1,858,4,Male,90,4,2,Manufacturing Director,3,Single,7846,20261,2,Y,No,18,3,3,80,0,14,1,4,5,3,1,0,No
36,Travel_Rarely,1094,Sales,28,5,Life Sciences,1,859,3,Male,61,2,5,Research Director,4,Single,7734,20538,7,Y,Yes,15,3,4,80,0,15,1,3,1,1,1,1,No
26,Travel_Frequently,362,Human Resources,5,2,Other,1,860,4,Female,77,1,3,Healthcare Representative,1,Divorced,6020,11136,8,Y,Yes,13,3,4,80,3,8,6,4,1,1,1,1,Yes
52,Non-Travel,164,Human Resources,17,2,Technical Degree,1,861,2,Female,72,2,1,Healthcare Representative,3,Single,5582,24555,8,Y,Yes,14,4,3,80,0,29,4,3,17,1,1,0,No
54,Non-Travel,626,Sales,13,2,Technical Degree,1,862,2,Male,90,4,4,Laboratory Technician,1,Divorced,3096,6914,5,Y,No,22,4,4,80,3,22,1,2,14,1,1,1,Yes
31,Travel_Rarely,764,Sales,4,2,Medical,1,863,3,Male,42,4,2,Human Resources,1,Divorced,4388,9093,4,Y,Yes,13,3,4,80,3,7,6,3,6,2,6,6,No
38,Travel_Rarely,367,Human Resources,21,4,Technical Degree,1,864,2,Male,34,1,4,Human Resources,2,Married,6799,24609,5,Y,Yes,18,3,1,80,2,19,5,1,5,1,5,5,Yes
22,Travel_Frequently,694,Sales,3,2,Medical,1,865,4,Male,99,4,2,Research Director,3,Divorced,6651,9329,1,Y,Yes,12,4,3,80,3,12,4,4,4,1,1,1,Yes
40,Travel_Rarely,1220,Research & Development,25,5,Technical Degree,1,866,4,Female,75,4,2,Healthcare Representative,3,Married,4272,2858,8,Y,No,15,4,1,80,1,5,2,2,1,1,1,1,Yes
24,Non-Travel,1259,Human Resources,19,1,Medical,1,867,3,Male,78,3,1,Sales Executive,2,Single,4712,17473,3,Y,No,12,4,2,80,3,11,0,3,5,5,1,5,No
38,Non-Travel,143,Sales,22,1,Technical Degree,1,868,1,Female,90,3,5,Manufacturing Director,4,Married,4510,20165,4,Y,Yes,14,4,3,80,0,17,5,3,7,6,2,3,No
18,Travel_Rarely,914,Research & Development,7,2,Marketing,1,869,4,Male,75,3,3,Manufacturing Director,4,Single,2458,20540,8,Y,Yes,25,4,2,80,1,13,1,4,9,1,1,2,No
23,Travel_Rarely,1357,Sales,15,2,Life Sciences,1,870,1,Female,93,2,2,Sales Representative,2,Divorced,6611,13659,2,Y,No,17,3,4,80,0,10,5,1,3,2,0,3,Yes
21,Travel_Rarely,579,Research & Development,1,5,Human Resources,1,871,3,Female,47,2,5,Laboratory Technician,2,Single,2948,26509,6,Y,No,12,4,2,80,3,17,0,3,3,1,3,0,Yes
46,Non-Travel,1488,Research & Development,8,2,Marketing,1,872,3,Female,40,3,4,Manufacturing Director,2,Single,9350,3466,4,Y,No,11,4,4,80,1,11,2,1,1,1,0,0,Yes
48,Travel_Frequently,1371,Human Resources,16,2,Medical,1,873,2,Male,41,4,4,Sales Executive,4,Married,3601,17667,9,Y,No,22,4,4,80,3,16,5,1,3,1,3,1,Yes
48,Travel_Frequently,289,Research & Development,9,1,Human Resources,1,874,3,Male,69,1,1,Manufacturing Director,1,Divorced,2103,2799,5,Y,Yes,22,4,1,80,1,2,3,4,1,1,0,1,Yes
60,Travel_Rarely,1235,Human Resources,22,2,Technical Degree,1,875,2,Female,50,1,2,Manufacturing Director,1,Single,7374,24916,8,Y,No,16,4,4,80,0,3,4,2,1,1,1,1,No
32,Non-Travel,838,Research & Development,12,4,Technical Degree,1,876,1,Male,99,2,2,Sales Executive,4,Single,3259,23408,3,Y,No,16,3,3,80,1,17,1,2,17,4,4,0,No
18,Non-Travel,1085,Sales,11,2,Life Sciences,1,877,2,Female,30,3,2,Laboratory Technician,2,Single,5108,4765,6,Y,Yes,17,3,2,80,3,13,3,3,7,1,3,7,No
36,Travel_Rarely,978,Human Resources,5,5,Technical Degree,1,878,4,Female,36,2,2,Human Resources,4,Married,3583,4121,8,Y,Yes,16,4,1,80,0,16,0,2,2,2,0,1,No
20,Non-Travel,773,Sales,24,5,Life Sciences,1,879,4,Female,61,3,2,Research Scientist,4,Single,5153,13012,9,Y,Yes,12,3,1,80,3,16,4,4,7,2,1,2,Yes
51,Travel_Rarely,1283,Sales,21,5,Technical Degree,1,880,1,Female,95,1,5,Research Scientist,4,Single,5781,2095,6,Y,No,16,3,2,80,1,5,1,1,4,2,0,3,No
27,Travel_Frequently,907,Human Resources,8,3,Technical Degree,1,881,1,Male,59,4,1,Sales Executive,4,Divorced,3036,8030,3,Y,No,16,4,4,80,1,9,0,1,3,2,0,2,Yes
44,Non-Travel,240,Research & Development,14,5,Other,1,882,2,Male,81,3,5,Research Director,2,Divorced,4490,8856,9,Y,Yes,25,4,2,80,0,9,5,1,3,3,0,0,Yes
21,Non-Travel,953,Human Resources,13,2,Life Sciences,1,883,1,Female,91,3,5,Manager,1,Married,2437,26122,8,Y,No,23,4,3,80,3,12,6,2,1,1,0,1,Yes
60,Non-Travel,1210,Human Resources,25,5,Medical,1,884,2,Male,94,3,4,Human Resources,2,Divorced,10553,17692,0,Y,No,20,4,4,80,0,24,5,4,15,1,2,0,No
28,Non-Travel,661,Sales,19,4,Marketing,1,885,4,Male,89,4,5,Human Resources,2,Single,2193,18944,3,Y,No,24,4,2,80,3,15,1,2,4,2,1,4,Yes
51,Travel_Frequently,1095,Human Resources,13,4,Marketing,1,886,2,Male,59,3,2,Sales Executive,3,Divorced,4933,9354,1,Y,Yes,13,3,4,80,3,17,6,4,3,3,1,3,No
33,Travel_Frequently,931,Sales,18,5,Medical,1,887,1,Male,51,3,5,Laboratory Technician,1,Divorced,4978,18973,6,Y,No,19,4,3,80,0,5,2,4,3,3,1,0,No
46,Non-Travel,682,Human Resources,19,4,Medical,1,888,3,Female,50,2,1,Manufacturing Director,4,Married,5254,17354,6,Y,No,11,3,1,80,3,3,3,3,2,1,0,2,No
50,Travel_Rarely,893,Research & Development,15,2,Life Sciences,1,889,4,Female,61,4,3,Healthcare Representative,4,Married,3827,14926,8,Y,No,24,4,4,80,3,11,3,1,4,2,4,0,No
29,Travel_Frequently,457,Human Resources,12,4,Other,1,890,4,Female,30,3,2,Research Scientist,2,Married,6412,18047,0,Y,No,14,4,4,80,1,16,3,2,4,1,1,4,No
46,Travel_Rarely,416,Human Resources,25,5,Technical Degree,1,891,4,Male,66,3,4,Research Scientist,1,Single,8482,7101,9,Y,No,16,4,4,80,2,5,5,1,2,2,1,2,No
19,Travel_Rarely,153,Research & Development,4,5,Medical,1,892,1,Female,45,4,4,Research Scientist,3,Single,3507,11526,0,Y,Yes,25,4,4,80,0,12,0,1,11,3,1,1,Yes
30,Non-Travel,635,Sales,15,5,Life Sciences,1,893,3,Female,79,4,4,Human Resources,4,Married,3826,21319,2,Y,Yes,22,3,1,80,0,7,5,3,3,3,3,3,No
38,Non-Travel,1344,Research & Development,8,2,Other,1,894,4,Male,42,4,5,Research Director,1,Married,4702,9077,8,Y,Yes,25,4,2,80,2,2,5,3,2,2,1,2,Yes
26,Non-Travel,459,Sales,28,3,Marketing,1,895,1,Female,75,1,5,Human Resources,3,Divorced,6787,14578,9,Y,No,22,3,2,80,1,5,6,4,5,4,3,0,No
53,Non-Travel,1027,Research & Development,3,3,Other,1,896,3,Female,86,1,5,Research Director,1,Married,6988,19952,2,Y,No,13,4,3,80,1,14,3,3,1,1,1,1,No
44,Travel_Frequently,514,Research & Development,1,2,Medical,1,897,2,Female,35,4,1,Laboratory Technician,3,Married,6123,23213,3,Y,No,20,3,1,80,0,17,4,1,10,3,2,3,No
27,Travel_Frequently,1044,Sales,24,1,Marketing,1,898,1,Female,48,2,3,Laboratory Technician,3,Single,8413,26848,9,Y,Yes,23,3,2,80,2,11,4,1,4,4,0,1,Yes
37,Travel_Rarely,774,Research & Development,4,2,Other,1,899,4,Male,45,3,2,Laboratory Technician,1,Single,4297,10633,0,Y,Yes,16,3,3,80,3,6,4,1,4,2,0,4,Yes
49,Travel_Frequently,1028,Research & Development,1,4,Marketing,1,900,4,Female,82,4,4,Laboratory Technician,4,Single,10652,14726,9,Y,Yes,24,4,2,80,3,1,1,4,1,1,0,1,No
42,Travel_Frequently,1299,Sales,4,3,Medical,1,901,2,Female,47,4,3,Manager,2,Married,1546,8773,9,Y,Yes,24,4,1,80,3,2,6,3,1,1,0,1,Yes
24,Travel_Frequently,400,Sales,25,3,Technical Degree,1,902,2,Male,52,1,2,Sales Executive,3,Married,3643,24977,6,Y,No,14,3,2,80,2,7,5,2,1,1,1,1,Yes
51,Non-Travel,364,Human Resources,21,5,Marketing,1,903,2,Female,97,2,1,Human Resources,4,Married,6549,21873,9,Y,No,13,3,4,80,3,9,6,1,5,5,5,5,No
25,Non-Travel,1400,Human Resources,15,3,Other,1,904,2,Female,43,3,2,Laboratory Technician,2,Married,3832,5260,0,Y,Yes,24,3,4,80,2,7,0,1,2,2,0,0,No
43,Non-Travel,598,Sales,12,1,Human Resources,1,905,3,Male,43,1,1,Laboratory Technician,1,Married,5834,13996,4,Y,Yes,16,4,3,80,1,17,5,1,8,7,0,0,Yes
52,Travel_Frequently,694,Sales,18,1,Life Sciences,1,906,2,Female,65,4,2,Research Director,3,Single,3556,13961,4,Y,Yes,25,4,4,80,3,4,0,1,1,1,0,1,Yes
58,Travel_Rarely,223,Sales,11,5,Life Sciences,1,907,1,Male,32,2,5,Healthcare Representative,4,Divorced,6162,5670,5,Y,No,18,4,2,80,2,10,2,3,6,1,0,0,No
58,Travel_Frequently,1123,Sales,20,3,Medical,1,908,1,Female,55,1,2,Human Resources,3,Married,3678,6318,3,Y,Yes,20,3,4,80,0,9,3,2,7,3,1,7,No
43,Travel_Rarely,142,Research & Development,23,5,Other,1,909,4,Female,37,2,3,Sales Representative,2,Married,4011,22812,8,Y,No,16,4,1,80,0,10,2,2,8,5,3,7,Yes
32,Travel_Frequently,1244,Research & Development,26,1,Marketing,1,910,3,Female,81,4,3,Manager,2,Divorced,3061,17668,6,Y,Yes,23,3,1,80,0,4,5,2,1,1,1,1,Yes
26,Travel_Frequently,493,Research & Development,16,1,Marketing,1,911,4,Male,54,2,3,Sales Representative,4,Divorced,2915,22754,5,Y,No,20,4,3,80,1,7,6,3,3,3,2,1,No
23,Non-Travel,621,Research & Development,21,2,Human Resources,1,912,2,Male,72,3,1,Laboratory Technician,2,Single,5389,23037,0,Y,Yes,15,3,1,80,3,7,0,1,4,1,3,3,Yes
27,Travel_Rarely,722,Human Resources,15,3,Human Resources,1,913,1,Female,45,4,1,Manager,1,Single,8444,13716,8,Y,Yes,14,4,4,80,0,22,1,2,10,1,3,0,Yes
46,Travel_Rarely,974,Research & Development,10,1,Human Resources,1,914,4,Female,97,3,1,Sales Representative,1,Divorced,3533,12573,7,Y,Yes,21,3,4,80,2,17,0,4,4,1,0,0,Yes
36,Non-Travel,597,Research & Development,2,1,Technical Degree,1,915,1,Male,82,1,1,Healthcare Representative,2,Married,5693,2193,5,Y,No,19,3,4,80,0,13,6,1,5,1,0,3,No
55,Travel_Rarely,1265,Human Resources,21,2,Life Sciences,1,916,3,Male,48,2,1,Research Director,2,Single,2317,19445,5,Y,No,23,3,4,80,3,10,5,2,1,1,1,0,Yes
40,Travel_Rarely,866,Human Resources,1,3,Other,1,917,2,Female,63,3,5,Research Director,2,Married,2169,25218,8,Y,Yes,18,4,3,80,1,17,5,3,9,1,3,3,Yes
50,Travel_Rarely,332,Human Resources,1,4,Life Sciences,1,918,4,Female,38,3,3,Manufacturing Director,1,Married,3104,12620,5,Y,Yes,18,4,1,80,0,10,0,4,8,3,0,0,No
35,Non-Travel,254,Research & Development,23,3,Technical Degree,1,919,1,Female,31,3,2,Research Director,3,Divorced,4592,4806,0,Y,No,20,3,3,80,3,14,5,3,2,2,0,0,No
27,Non-Travel,571,Sales,19,3,Other,1,920,3,Male,44,4,1,Manager,2,Married,7280,23553,1,Y,Yes,16,3,1,80,1,16,5,1,9,1,0,2,Yes
29,Travel_Frequently,166,Sales,6,5,Other,1,921,1,Male,50,1,1,Manager,4,Married,5497,19658,2,Y,Yes,18,3,2,80,3,10,5,2,10,2,1,3,Yes
58,Non-Travel,429,Research & Development,20,2,Marketing,1,922,3,Male,61,4,2,Sales Representative,4,Married,3679,8288,9,Y,No,16,3,2,80,2,4,6,2,2,2,2,0,No
59,Travel_Rarely,1146,Sales,25,5,Other,1,923,4,Male,84,3,2,Human Resources,1,Single,5515,16800,6,Y,Yes,15,4,1,80,1,17,1,2,6,1,2,2,Yes
51,Travel_Frequently,1438,Research & Development,13,1,Other,1,924,4,Female,79,4,1,Healthcare Representative,2,Single,6239,25800,6,Y,No,19,3,4,80,1,20,6,1,9,1,0,2,No
25,Non-Travel,673,Sales,23,5,Marketing,1,925,4,Female,74,1,5,Laboratory Technician,3,Married,4878,24110,0,Y,No,25,3,2,80,2,12,2,2,1,1,1,1,Yes
57,Travel_Rarely,1390,Sales,9,1,Medical,1,926,3,Male,54,3,1,Research Scientist,4,Single,13244,10074,0,Y,Yes,16,4,4,80,1,19,0,3,6,1,1,2,No
26,Travel_Rarely,839,Sales,21,4,Life Sciences,1,927,2,Female,92,3,3,Research Scientist,4,Married,6566,18469,5,Y,No,25,4,4,80,0,1,3,1,1,1,0,0,No
53,Non-Travel,1401,Sales,10,5,Human Resources,1,928,2,Female,75,4,4,Research Director,3,Single,7636,11600,8,Y,No,19,3,4,80,3,11,1,2,4,4,1,4,Yes
32,Travel_Rarely,896,Sales,23,4,Other,1,929,1,Male,34,4,2,Manufacturing Director,1,Divorced,4487,7560,5,Y,Yes,22,3,4,80,2,10,0,3,7,6,0,1,Yes
49,Travel_Rarely,1136,Sales,2,1,Technical Degree,1,930,4,Male,37,3,1,Laboratory Technician,4,Single,3776,12573,1,Y,Yes,20,3,2,80,0,3,4,2,1,1,1,0,No
53,Travel_Rarely,1009,Research & Development,25,5,Life Sciences,1,931,1,Male,31,3,3,Sales Executive,4,Divorced,1042,18216,0,Y,Yes,12,3,2,80,1,12,5,3,1,1,1,1,Yes
30,Travel_Rarely,533,Research & Development,13,1,Marketing,1,932,3,Male,68,4,5,Sales Executive,3,Single,5618,13255,8,Y,Yes,12,3,1,80,1,8,1,1,1,1,1,1,No
24,Travel_Rarely,211,Sales,20,5,Other,1,933,3,Female,48,4,5,Manufacturing Director,4,Single,8816,13203,8,Y,Yes,16,4,3,80,0,11,4,2,7,3,3,0,Yes
55,Non-Travel,895,Human Resources,16,4,Marketing,1,934,1,Female,89,2,5,Healthcare Representative,1,Single,4347,17918,2,Y,Yes,17,3,2,80,1,7,2,1,1,1,0,0,Yes
22,Non-Travel,1000,Sales,23,4,Life Sciences,1,935,4,Male,30,2,5,Research Scientist,1,Divorced,6641,15255,7,Y,Yes,12,3,4,80,3,9,3,3,1,1,1,0,No
27,Travel_Rarely,948,Sales,9,1,Other,1,936,1,Male,53,3,3,Human Resources,4,Single,6247,17512,1,Y,No,20,4,4,80,3,6,2,3,3,3,0,3,No
49,Travel_Frequently,1158,Human Resources,6,1,Other,1,937,1,Male,96,2,4,Laboratory Technician,4,Single,15946,13845,9,Y,No,21,3,4,80,3,8,1,3,1,1,1,0,No
38,Non-Travel,669,Research & Development,16,2,Medical,1,938,3,Female,53,1,3,Manufacturing Director,2,Single,3188,11586,7,Y,No,15,4,1,80,2,2,4,4,2,1,2,0,Yes
25,Travel_Rarely,1217,Sales,19,1,Technical Degree,1,939,3,Female,86,2,3,Human Resources,1,Divorced,5135,22550,3,Y,No,11,3,3,80,1,11,3,2,1,1,0,1,Yes
44,Travel_Frequently,1465,Sales,13,2,Technical Degree,1,940,4,Male,31,1,2,Research Scientist,2,Married,4300,12083,7,Y,No,25,4,3,80,0,7,0,4,3,2,1,0,No
33,Non-Travel,519,Human Resources,25,4,Technical Degree,1,941,4,Male,40,3,1,Healthcare Representative,2,Divorced,3766,9447,0,Y,No,14,3,4,80,1,4,4,1,2,2,1,0,Yes
32,Travel_Rarely,1147,Research & Development,23,1,Technical Degree,1,942,3,Female,77,3,5,Manufacturing Director,2,Single,7815,24991,1,Y,Yes,20,3,3,80,2,14,3,1,1,1,0,1,No
43,Travel_Frequently,222,Research & Development,25,5,Technical Degree,1,943,3,Male,37,3,2,Research Scientist,3,Single,6441,8077,2,Y,Yes,11,4,4,80,0,13,0,2,4,1,3,0,Yes
60,Non-Travel,111,Human Resources,16,1,Medical,1,944,2,Male,47,1,4,Research Scientist,4,Married,4129,18800,5,Y,Yes,25,3,2,80,3,14,0,3,3,1,0,0,Yes
42,Travel_Rarely,519,Human Resources,22,4,Medical,1,945,1,Female,68,2,5,Sales Representative,4,Divorced,5735,17596,3,Y,No,20,4,1,80,0,14,6,1,4,1,4,3,Yes
34,Non-Travel,790,Human Resources,20,5,Technical Degree,1,946,1,Female,92,4,5,Healthcare Representative,3,Married,5968,24760,2,Y,No,24,3,2,80,0,13,0,4,3,3,1,0,No
19,Travel_Rarely,1324,Human Resources,24,5,Technical Degree,1,947,4,Male,70,2,3,Healthcare Representative,2,Single,2317,22519,0,Y,No,14,4,2,80,3,12,3,2,3,1,3,3,Yes
23,Travel_Rarely,1263,Sales,27,2,Life Sciences,1,948,4,Male,37,2,4,Laboratory Technician,2,Single,3738,22615,8,Y,No,23,4,4,80,0,23,2,1,10,5,0,1,No
46,Non-Travel,384,Sales,5,3,Other,1,949,2,Female,53,2,5,Sales Representative,1,Single,4690,24068,7,Y,No,12,3,3,80,1,3,3,4,3,1,0,0,No
59,Non-Travel,1376,Sales,29,1,Human Resources,1,950,4,Female,94,4,1,Research Scientist,2,Married,1649,6099,6,Y,Yes,14,4,4,80,3,3,0,3,2,1,2,1,Yes
40,Non-Travel,790,Research & Development,4,5,Marketing,1,951,3,Female,58,1,5,Research Director,4,Divorced,9184,26984,9,Y,Yes,13,3,3,80,0,19,2,4,7,5,1,0,No
34,Travel_Rarely,1463,Sales,25,1,Technical Degree,1,952,2,Female,57,4,3,Sales Representative,4,Married,5693,26908,2,Y,No,20,3,2,80,1,11,1,2,3,1,2,2,No
56,Travel_Rarely,509,Sales,22,2,Human Resources,1,953,4,Female,76,2,2,Sales Executive,2,Divorced,4351,9773,4,Y,Yes,22,4,4,80,2,4,0,4,2,1,0,2,Yes
39,Non-Travel,634,Sales,10,5,Technical Degree,1,954,4,Female,35,1,4,Healthcare Representative,2,Single,4400,18373,0,Y,No,16,3,1,80,2,14,0,1,9,1,2,2,No
39,Non-Travel,705,Human Resources,28,2,Technical Degree,1,955,2,Female,52,3,1,Human Resources,3,Divorced,5482,3272,4,Y,Yes,17,3,4,80,0,5,2,3,4,2,0,3,No
54,Travel_Frequently,514,Research & Development,15,3,Human Resources,1,956,2,Female,75,1,2,Healthcare Representative,3,Divorced,11320,17605,0,Y,No,19,4,1,80,0,16,5,1,15,1,0,5,No
19,Travel_Rarely,789,Research & Development,22,3,Life Sciences,1,957,3,Male,34,4,2,Manager,3,Single,3534,3775,6,Y,No,18,4,4,80,3,4,0,2,3,3,0,3,Yes
23,Non-Travel,448,Human Resources,4,5,Marketing,1,958,1,Female,37,3,3,Sales Executive,3,Single,5803,18058,3,Y,No,17,4,2,80,1,4,1,2,2,1,0,2,Yes
57,Travel_Frequently,1173,Research & Development,12,4,Life Sciences,1,959,1,Male,61,1,2,Sales Representative,2,Single,6226,13817,1,Y,Yes,23,3,1,80,1,11,2,2,2,2,0,0,Yes
45,Non-Travel,750,Human Resources,12,5,Life Sciences,1,960,3,Female,88,4,1,Research Scientist,3,Single,6688,21988,9,Y,No,14,3,4,80,1,2,2,2,1,1,1,1,Yes
54,Travel_Rarely,1170,Human Resources,24,3,Technical Degree,1,961,2,Female,56,3,1,Manager,1,Divorced,4774,19178,3,Y,No,13,4,1,80,2,16,5,4,5,2,1,0,Yes
47,Non-Travel,662,Human Resources,8,3,Life Sciences,1,962,4,Female,84,3,4,Research Director,4,Married,2751,26887,3,Y,No,19,4,1,80,1,13,3,1,3,3,0,1,No
48,Travel_Rarely,332,Sales,22,1,Other,1,963,1,Male,39,3,3,Research Director,1,Married,3601,26983,9,Y,No,24,3,3,80,2,6,1,3,3,2,2,3,No
31,Travel_Rarely,1219,Human Resources,3,2,Human Resources,1,964,3,Female,37,4,2,Manager,4,Married,2523,25304,8,Y,No,21,3,1,80,1,18,2,2,14,2,1,1,Yes
21,Non-Travel,667,Human Resources,25,4,Medical,1,965,4,Female,73,3,2,Research Scientist,2,Married,4167,3674,8,Y,Yes,21,3,1,80,2,10,5,2,1,1,1,1,Yes
38,Travel_Rarely,1343,Human Resources,6,4,Human Resources,1,966,4,Male,87,1,1,Sales Representative,4,Divorced,2867,9765,2,Y,Yes,14,3,4,80,1,14,5,4,5,4,0,3,No
20,Non-Travel,1393,Research & Development,5,3,Human Resources,1,967,1,Female,33,2,3,Research Scientist,1,Married,4251,23460,0,Y,Yes,22,3,1,80,1,20,2,3,8,1,3,4,Yes
32,Non-Travel,189,Sales,8,5,Marketing,1,968,2,Female,80,3,4,Healthcare Representative,2,Divorced,3090,18212,8,Y,No,16,3,4,80,3,15,3,2,1,1,1,0,Yes
55,Non-Travel,837,Research & Development,26,3,Human Resources,1,969,2,Female,32,2,4,Healthcare Representative,2,Divorced,4087,4051,0,Y,Yes,16,4,2,80,0,7,3,4,2,2,0,2,No
43,Travel_Rarely,608,Human Resources,1,5,Human Resources,1,970,1,Female,51,4,1,Human Resources,3,Single,7886,4812,9,Y,No,22,3,2,80,0,10,1,1,9,7,0,0,Yes
24,Non-Travel,634,Human Resources,20,1,Technical Degree,1,971,4,Male,87,2,3,Human Resources,2,Divorced,4047,7311,4,Y,Yes,13,4,2,80,1,9,5,2,1,1,1,1,Yes
30,Travel_Rarely,987,Sales,5,3,Other,1,972,3,Female,73,3,5,Manufacturing Director,3,Married,5493,19988,5,Y,No,12,4,2,80,0,11,1,2,2,2,2,2,No
23,Travel_Frequently,1332,Sales,4,2,Marketing,1,973,1,Female,72,4,3,Manufacturing Director,1,Divorced,2958,8369,6,Y,Yes,13,3,1,80,3,19,6,3,7,4,0,6,Yes
40,Travel_Frequently,925,Human Resources,5,1,Medical,1,974,3,Male,68,4,3,Manufacturing Director,1,Single,3642,26125,4,Y,Yes,18,4,2,80,2,8,0,2,2,1,0,2,Yes
43,Travel_Frequently,1121,Research & Development,14,5,Human Resources,1,975,2,Female,38,2,3,Research Director,1,Married,5549,7529,0,Y,Yes,14,4,1,80,0,5,6,2,2,1,0,2,Yes
33,Travel_Rarely,420,Research & Development,15,4,Marketing,1,976,3,Female,91,2,1,Laboratory Technician,3,Divorced,5333,16705,3,Y,Yes,14,4,2,80,2,9,0,2,4,1,2,2,No
52,Travel_Rarely,1229,Sales,18,4,Life Sciences,1,977,1,Male,59,4,1,Research Director,3,Married,4962,14333,1,Y,No,15,3,3,80,1,23,5,3,17,1,0,2,No
25,Non-Travel,194,Research & Development,1,3,Other,1,978,1,Male,70,1,2,Manager,1,Married,6577,10126,1,Y,Yes,20,3,4,80,1,14,4,3,2,2,1,2,Yes
21,Travel_Rarely,1165,Human Resources,22,5,Human Resources,1,979,2,Female,62,1,5,Human Resources,4,Married,5160,2693,7,Y,Yes,14,4,4,80,3,16,6,2,2,1,0,2,Yes
39,Travel_Frequently,1426,Sales,19,5,Human Resources,1,980,2,Female,51,4,1,Manager,2,Divorced,4316,5352,9,Y,Yes,20,3,3,80,0,13,0,2,3,2,1,3,No
44,Travel_Rarely,1108,Sales,20,2,Medical,1,981,2,Male,60,4,1,Laboratory Technician,2,Married,3806,4912,0,Y,No,22,3,1,80,0,14,6,2,6,6,3,0,Yes
41,Travel_Frequently,202,Human Resources,28,5,Human Resources,1,982,4,Female,68,4,2,Sales Executive,2,Divorced,10038,18472,4,Y,Yes,18,4,1,80,2,9,3,4,4,4,3,4,Yes
49,Non-Travel,1422,Research & Development,10,1,Medical,1,983,2,Female,53,2,4,Research Director,2,Single,3978,8372,2,Y,No,18,4,4,80,1,8,3,2,4,2,3,4,Yes
25,Travel_Rarely,127,Research & Development,7,2,Other,1,984,4,Male,35,2,3,Healthcare Representative,4,Divorced,8805,14086,2,Y,Yes,11,3,3,80,2,15,1,2,1,1,0,1,No
28,Travel_Frequently,378,Human Resources,21,2,Human Resources,1,985,1,Female,54,1,2,Manufacturing Director,1,Married,9976,7051,2,Y,No,15,3,4,80,1,4,1,3,1,1,0,1,No
55,Non-Travel,1127,Human Resources,20,4,Medical,1,986,3,Female,94,4,2,Research Scientist,3,Married,3435,24827,0,Y,Yes,16,4,2,80,2,16,6,4,4,2,4,2,No
23,Travel_Frequently,720,Research & Development,11,4,Life Sciences,1,987,3,Male,89,4,3,Healthcare Representative,1,Married,5417,22917,5,Y,Yes,24,3,4,80,2,5,1,3,1,1,0,1,No
52,Non-Travel,1423,Sales,23,2,Marketing,1,988,3,Female,68,2,1,Research Director,4,Single,5931,10117,3,Y,No,24,4,2,80,0,10,6,1,1,1,0,1,No
56,Non-Travel,717,Research & Development,8,1,Technical Degree,1,989,3,Female,51,2,3,Research Director,1,Divorced,2881,15243,9,Y,No,21,3,2,80,1,16,2,4,14,6,0,1,No
49,Non-Travel,745,Sales,9,1,Marketing,1,990,2,Male,40,2,5,Laboratory Technician,1,Married,4099,9224,5,Y,No,25,3,1,80,1,15,0,1,6,6,0,1,No
44,Travel_Frequently,895,Human Resources,16,3,Other,1,991,4,Male,85,3,5,Manager,3,Single,2519,19916,8,Y,Yes,15,3,1,80,2,15,6,3,7,3,0,0,No
52,Travel_Rarely,650,Human Resources,13,4,Technical Degree,1,992,3,Male,68,4,1,Laboratory Technician,1,Divorced,2311,20360,3,Y,No,13,3,4,80,3,1,4,4,1,1,0,0,Yes
42,Travel_Rarely,529,Sales,22,1,Medical,1,993,1,Male,67,4,4,Research Scientist,3,Divorced,9278,17787,8,Y,No,12,3,2,80,2,10,1,3,3,3,3,1,No
50,Travel_Frequently,702,Research & Development,25,4,Other,1,994,1,Male,51,2,1,Research Director,1,Married,5789,8714,8,Y,Yes,16,4,4,80,3,6,4,1,1,1,0,0,Yes
48,Travel_Rarely,1389,Research & Development,25,4,Life Sciences,1,995,3,Female,92,3,3,Healthcare Representative,2,Married,5052,8993,9,Y,Yes,13,3,4,80,3,10,1,3,4,2,1,4,Yes
32,Travel_Rarely,693,Research & Development,14,1,Life Sciences,1,996,3,Male,45,4,2,Manufacturing Director,2,Single,20000,8287,1,Y,No,18,3,4,80,2,2,3,3,2,2,2,0,Yes
28,Travel_Rarely,1071,Human Resources,10,4,Technical Degree,1,997,4,Female,64,4,3,Laboratory Technician,2,Divorced,6314,13253,8,Y,No,18,3,3,80,1,3,0,1,2,2,2,0,Yes
58,Non-Travel,324,Research & Development,10,4,Life Sciences,1,998,2,Male,45,4,5,Laboratory Technician,3,Divorced,7119,16895,1,Y,No,14,3,1,80,1,5,2,3,3,1,0,1,No
49,Travel_Rarely,287,Research & Development,29,5,Medical,1,999,2,Male,67,2,1,Research Director,4,Single,1947,2097,5,Y,No,19,4,4,80,0,14,3,1,2,2,0,1,Yes
34,Travel_Rarely,397,Research & Development,15,2,Technical Degree,1,1000,2,Male,31,3,3,Sales Representative,1,Divorced,3669,4026,3,Y,Yes,25,3,3,80,1,22,1,4,10,2,4,6,No
55,Travel_Frequently,712,Research & Development,2,5,Medical,1,1001,3,Female,61,2,5,Manufacturing Director,1,Single,3493,8950,8,Y,Yes,12,4,1,80,1,18,1,1,6,2,1,1,Yes
21,Non-Travel,133,Research & Development,7,3,Technical Degree,1,1002,2,Male,85,4,4,Manufacturing Director,1,Married,2501,8762,2,Y,No,17,3,3,80,1,16,2,2,5,1,1,2,Yes
48,Travel_Frequently,1171,Research & Development,29,2,Other,1,1003,2,Female,93,2,5,Laboratory Technician,3,Divorced,5369,7385,6,Y,Yes,17,4,2,80,0,11,5,2,8,2,1,0,No
53,Non-Travel,543,Human Resources,28,1,Human Resources,1,1004,3,Female,80,4,2,Sales Representative,2,Single,2662,24202,3,Y,Yes,23,3,2,80,0,19,4,4,7,5,1,0,Yes
34,Travel_Rarely,351,Sales,24,2,Technical Degree,1,1005,4,Female,50,4,4,Manager,4,Divorced,7221,19673,3,Y,Yes,25,4,2,80,2,9,6,4,5,2,4,4,Yes
55,Travel_Frequently,1407,Human Resources,5,4,Technical Degree,1,1006,1,Female,31,3,2,Sales Representative,1,Single,20000,17723,4,Y,Yes,20,4,3,80,1,12,5,3,6,1,2,0,Yes
25,Non-Travel,915,Research & Development,17,1,Technical Degree,1,1007,2,Female,43,3,1,Laboratory Technician,3,Married,2861,2992,0,Y,Yes,21,3,2,80,2,17,0,2,10,1,4,10,Yes
35,Travel_Frequently,1181,Human Resources,27,5,Medical,1,1008,3,Female,52,3,4,Human Resources,3,Single,2318,20638,1,Y,No,13,3,4,80,3,12,0,2,2,2,0,2,Yes
29,Travel_Frequently,381,Sales,7,4,Other,1,1009,2,Female,98,3,4,Research Director,4,Married,10521,20462,5,Y,No,11,4,4,80,2,8,6,2,2,1,0,2,No
45,Non-Travel,784,Research & Development,18,2,Marketing,1,1010,1,Female,78,2,5,Healthcare Representative,1,Single,6117,5420,4,Y,No,18,4,4,80,3,11,2,4,1,1,0,0,No
28,Non-Travel,1363,Research & Development,17,2,Other,1,1011,2,Female,37,3,2,Laboratory Technician,3,Single,3467,24074,3,Y,Yes,18,3,2,80,1,10,2,1,4,4,0,4,Yes
51,Travel_Rarely,126,Sales,5,4,Technical Degree,1,1012,2,Female,52,4,2,Laboratory Technician,1,Single,6674,19344,2,Y,No,17,3,1,80,0,11,6,3,2,1,2,2,No
57,Travel_Frequently,817,Research & Development,23,3,Marketing,1,1013,1,Female,59,4,3,Sales Executive,1,Married,2038,4121,6,Y,No,12,4,4,80,3,13,3,2,8,2,1,2,Yes
38,Travel_Rarely,1211,Human Resources,13,3,Marketing,1,1014,4,Male,43,3,3,Laboratory Technician,2,Single,5398,13855,9,Y,No,14,4,2,80,1,2,0,4,1,1,0,0,Yes
43,Travel_Frequently,1237,Sales,7,5,Human Resources,1,1015,1,Male,57,4,4,Human Resources,4,Divorced,3852,18521,6,Y,Yes,14,3,3,80,3,4,6,3,4,1,2,4,No
56,Travel_Frequently,1048,Human Resources,2,1,Life Sciences,1,1016,2,Male,81,3,1,Laboratory Technician,2,Married,3738,4562,8,Y,Yes,11,4,3,80,3,10,5,2,1,1,1,1,No
21,Non-Travel,1193,Sales,22,1,Other,1,1017,4,Male,82,4,5,Healthcare Representative,1,Married,8204,22526,9,Y,No,18,3,3,80,3,3,5,1,2,1,2,2,No
39,Travel_Rarely,558,Sales,29,2,Life Sciences,1,1018,1,Male,98,3,3,Manager,3,Married,7742,10949,3,Y,No,13,4,1,80,0,7,5,2,2,2,1,0,No
58,Travel_Frequently,1212,Research & Development,10,5,Life Sciences,1,1019,4,Female,73,1,1,Sales Executive,4,Married,3849,25087,9,Y,Yes,21,3,3,80,3,15,2,1,3,2,3,3,Yes
51,Travel_Frequently,924,Sales,3,5,Life Sciences,1,1020,1,Male,34,4,5,Healthcare Representative,3,Divorced,20000,7587,4,Y,No,22,3,4,80,1,14,0,2,1,1,0,1,Yes
37,Travel_Rarely,614,Research & Development,5,3,Technical Degree,1,1021,4,Male,46,2,2,Laboratory Technician,1,Single,6832,13862,7,Y,Yes,12,3,1,80,2,14,1,1,2,2,0,2,Yes
48,Non-Travel,671,Research & Development,3,3,Other,1,1022,4,Male,45,2,2,Healthcare Representative,4,Single,6725,15481,2,Y,No,18,3,2,80,3,8,2,1,2,1,2,0,No
47,Non-Travel,233,Research & Development,20,1,Human Resources,1,1023,4,Male,53,2,2,Healthcare Representative,3,Married,5934,18518,3,Y,Yes,14,4,4,80,1,14,5,3,2,1,0,2,No
50,Travel_Frequently,800,Human Resources,21,5,Technical Degree,1,1024,2,Female,56,2,3,Manufacturing Director,2,Married,1993,24759,5,Y,No,22,3,1,80,2,14,0,1,5,1,0,0,Yes
39,Travel_Frequently,1195,Research & Development,13,3,Marketing,1,1025,3,Male,41,3,1,Research Scientist,2,Married,2030,18211,9,Y,No,13,3,2,80,1,12,0,4,2,2,2,2,Yes
49,Travel_Frequently,1278,Human Resources,10,1,Other,1,1026,3,Male,84,3,5,Manager,4,Divorced,6801,23836,1,Y,Yes,13,3,1,80,2,8,1,1,2,2,2,2,No
43,Travel_Rarely,747,Human Resources,25,2,Marketing,1,1027,1,Female,50,1,3,Human Resources,4,Married,2870,4886,4,Y,Yes,20,4,4,80,1,11,5,2,1,1,0,1,No
30,Travel_Rarely,697,Research & Development,7,1,Medical,1,1028,2,Female,66,1,1,Healthcare Representative,4,Single,6959,13231,9,Y,No,11,4,2,80,2,17,0,4,6,2,0,4,No
20,Travel_Rarely,641,Sales,2,5,Life Sciences,1,1029,3,Male,91,3,2,Human Resources,1,Divorced,2266,22842,7,Y,No,23,3,1,80,2,7,0,3,2,1,0,0,No
39,Travel_Frequently,449,Research & Development,13,1,Marketing,1,1030,2,Male,59,3,2,Healthcare Representative,3,Divorced,4160,13201,2,Y,Yes,17,4,4,80,2,4,0,2,3,3,0,1,Yes
55,Travel_Rarely,780,Human Resources,8,2,Medical,1,1031,4,Female,92,1,4,Research Director,4,Single,1954,15403,9,Y,Yes,21,3,3,80,0,6,6,3,4,4,0,2,Yes
44,Travel_Frequently,1431,Human Resources,15,1,Human Resources,1,1032,2,Female,31,3,3,Healthcare Representative,4,Divorced,3263,8918,8,Y,No,20,3,1,80,1,5,0,4,3,2,0,0,No
37,Travel_Rarely,101,Research & Development,14,2,Medical,1,1033,2,Male,47,2,4,Manager,1,Single,16009,14211,4,Y,No,14,3,1,80,1,15,4,1,2,2,1,2,No
32,Non-Travel,1217,Sales,11,3,Life Sciences,1,1034,2,Male,67,1,5,Sales Representative,3,Married,5004,22469,6,Y,Yes,12,4,1,80,1,18,6,1,6,2,1,0,Yes
20,Travel_Frequently,233,Human Resources,1,1,Other,1,1035,4,Female,39,4,4,Research Director,3,Divorced,3159,26719,4,Y,No,18,4,3,80,1,12,5,3,6,5,0,0,No
42,Non-Travel,936,Human Resources,17,2,Other,1,1036,4,Female,98,2,1,Manager,4,Married,5675,25091,8,Y,Yes,13,3,2,80,2,3,1,2,1,1,0,1,Yes
52,Travel_Rarely,180,Sales,5,2,Life Sciences,1,1037,1,Male,50,2,1,Manufacturing Director,3,Single,3488,25611,1,Y,Yes,23,3,4,80,1,12,4,2,2,1,0,1,Yes
21,Travel_Frequently,1432,Sales,22,5,Other,1,1038,2,Male,79,4,4,Manufacturing Director,4,Single,2334,12614,5,Y,No,18,3,2,80,1,6,6,1,5,1,2,2,No
19,Travel_Frequently,184,Sales,4,4,Life Sciences,1,1039,3,Male,78,2,1,Research Director,3,Single,6653,11575,7,Y,Yes,14,4,1,80,1,3,6,2,2,2,0,2,No
41,Travel_Frequently,998,Research & Development,25,4,Life Sciences,1,1040,4,Female,55,4,4,Research Director,4,Divorced,3215,13817,2,Y,Yes,21,3,4,80,1,16,2,4,3,1,1,3,Yes
49,Travel_Rarely,427,Human Resources,1,2,Marketing,1,1041,1,Male,34,2,3,Sales Representative,3,Single,6899,18272,9,Y,No,24,3,3,80,3,3,3,2,1,1,1,1,No
36,Travel_Frequently,219,Research & Development,18,4,Life Sciences,1,1042,1,Female,77,2,4,Human Resources,3,Married,5448,21925,6,Y,No,11,4,3,80,0,18,3,1,11,2,1,4,No
25,Travel_Rarely,927,Human Resources,19,1,Other,1,1043,1,Male,77,4,3,Research Director,4,Divorced,6853,8918,4,Y,Yes,16,3,2,80,2,15,5,1,2,1,0,1,Yes
33,Travel_Rarely,703,Research & Development,3,2,Marketing,1,1044,1,Female,81,1,5,Human Resources,2,Married,5016,17808,3,Y,Yes,16,3,2,80,0,9,0,3,2,1,0,1,Yes
50,Travel_Frequently,1254,Human Resources,13,1,Other,1,1045,2,Female,87,2,1,Manager,3,Single,5195,19830,9,Y,Yes,18,4,4,80,3,13,0,2,3,2,0,1,Yes
33,Travel_Frequently,1109,Sales,5,3,Technical Degree,1,1046,1,Male,78,1,2,Research Director,2,Divorced,2063,13371,9,Y,Yes,12,4,2,80,2,6,6,4,2,1,1,2,Yes
51,Non-Travel,439,Human Resources,25,1,Other,1,1047,3,Female,86,3,1,Manager,1,Single,6909,2207,5,Y,No,21,4,2,80,1,15,3,1,2,2,0,0,No
44,Non-Travel,450,Research & Development,6,2,Other,1,1048,3,Female,71,1,4,Sales Representative,3,Married,7818,16105,4,Y,Yes,12,3,4,80,0,5,0,2,4,2,1,0,No
21,Non-Travel,727,Research & Development,19,3,Technical Degree,1,1049,2,Male,41,2,2,Research Scientist,2,Single,6750,22369,7,Y,Yes,11,3,3,80,1,10,0,4,10,1,2,1,Yes
24,Travel_Frequently,1235,Research & Development,13,1,Technical Degree,1,1050,1,Female,73,1,2,Research Scientist,1,Single,5661,24788,6,Y,Yes,11,4,4,80,1,9,3,4,4,1,3,4,Yes
52,Travel_Frequently,1220,Sales,23,4,Marketing,1,1051,3,Male,42,3,3,Manager,1,Single,3241,2834,0,Y,Yes,19,4,2,80,0,14,6,3,3,1,3,0,No
44,Travel_Rarely,1357,Research & Development,6,2,Human Resources,1,1052,1,Male,35,3,3,Sales Representative,4,Single,5855,24635,6,Y,Yes,14,3,1,80,3,25,6,1,13,1,1,1,Yes
54,Travel_Rarely,815,Research & Development,14,2,Human Resources,1,1053,3,Female,67,1,3,Manager,3,Single,2839,2461,4,Y,Yes,12,3,4,80,0,12,2,4,3,1,2,1,No
24,Travel_Rarely,1353,Research & Development,18,1,Life Sciences,1,1054,1,Male,54,2,4,Research Director,4,Divorced,4990,25229,1,Y,Yes,20,3,3,80,3,15,5,3,7,1,3,0,Yes
42,Travel_Rarely,995,Sales,25,2,Marketing,1,1055,1,Male,60,1,1,Research Scientist,4,Divorced,4958,15903,4,Y,No,24,3,3,80,1,7,5,3,4,2,0,2,No
28,Non-Travel,821,Human Resources,15,4,Life Sciences,1,1056,4,Male,93,4,1,Research Director,1,Divorced,2860,15223,9,Y,No,19,3,1,80,1,16,6,2,2,1,0,2,Yes
56,Travel_Rarely,860,Sales,4,2,Technical Degree,1,1057,2,Female,36,1,3,Research Scientist,4,Single,5256,6354,7,Y,Yes,25,4,1,80,0,12,5,2,3,1,0,3,No
42,Travel_Frequently,295,Research & Development,4,3,Human Resources,1,1058,1,Male,54,3,3,Manager,4,Single,5982,16041,1,Y,No,22,3,4,80,1,11,1,3,8,2,0,1,No
38,Non-Travel,1176,Research & Development,15,1,Other,1,1059,3,Male,44,1,5,Manager,3,Single,4393,19077,7,Y,No,18,4,4,80,3,4,3,2,4,2,3,3,No
47,Travel_Frequently,938,Sales,14,4,Technical Degree,1,1060,1,Female,77,4,4,Sales Representative,4,Divorced,4423,9739,4,Y,No,15,4,1,80,2,19,0,3,8,1,1,0,No
33,Travel_Rarely,1371,Research & Development,19,4,Other,1,1061,2,Male,75,3,5,Laboratory Technician,1,Single,7274,7156,8,Y,No,23,3,2,80,2,19,3,1,8,4,1,4,Yes
23,Travel_Rarely,124,Sales,27,1,Technical Degree,1,1062,1,Male,64,2,3,Sales Representative,1,Divorced,7556,10373,7,Y,Yes,18,3,4,80,0,13,4,4,1,1,1,1,No
38,Travel_Frequently,915,Sales,10,3,Technical Degree,1,1063,2,Female,31,2,2,Human Resources,2,Divorced,4054,13559,9,Y,No,24,3,1,80,0,14,1,2,4,4,3,4,No
41,Travel_Rarely,592,Research & Development,17,1,Marketing,1,1064,4,Male,75,4,1,Manager,2,Divorced,4072,9120,2,Y,No,23,4,4,80,3,29,1,3,15,2,0,3,No
53,Non-Travel,1247,Sales,8,5,Human Resources,1,1065,2,Female,43,4,3,Human Resources,2,Divorced,3878,18719,6,Y,No,19,3,3,80,3,15,4,4,5,1,3,0,No
19,Travel_Rarely,939,Human Resources,11,4,Marketing,1,1066,4,Male,33,1,1,Sales Representative,4,Single,2863,22432,3,Y,No,20,3,1,80,3,31,5,2,24,4,2,1,Yes
40,Non-Travel,261,Human Resources,29,5,Human Resources,1,1067,1,Female,64,2,5,Laboratory Technician,4,Single,3791,7372,6,Y,Yes,19,3,1,80,1,4,5,4,1,1,1,1,Yes
27,Travel_Frequently,1288,Research & Development,8,1,Other,1,1068,4,Male,57,2,4,Human Resources,3,Single,3239,15225,6,Y,Yes,24,3,4,80,3,5,2,4,3,1,3,2,No
50,Travel_Rarely,1453,Human Resources,19,4,Marketing,1,1069,4,Female,74,2,3,Healthcare Representative,2,Divorced,7206,4721,4,Y,Yes,21,4,2,80,0,16,5,2,2,2,1,1,No
39,Non-Travel,1272,Research & Development,6,4,Human Resources,1,1070,4,Female,69,1,2,Healthcare Representative,4,Single,5247,9562,3,Y,Yes,21,3,3,80,0,7,0,1,1,1,0,1,No
34,Travel_Frequently,261,Sales,19,3,Human Resources,1,1071,1,Male,77,1,4,Research Director,4,Married,8342,18605,4,Y,No,13,3,1,80,1,15,4,3,6,2,1,1,No
56,Non-Travel,1380,Human Resources,2,2,Medical,1,1072,4,Female,95,4,4,Human Resources,1,Married,4203,26520,0,Y,No,15,4,4,80,0,18,1,3,6,4,6,0,No
24,Non-Travel,1215,Human Resources,21,2,Technical Degree,1,1073,3,Male,80,3,1,Laboratory Technician,3,Single,1009,10674,4,Y,No,17,3,1,80,2,12,0,4,1,1,1,1,No
41,Travel_Frequently,834,Sales,27,1,Life Sciences,1,1074,3,Male,61,3,5,Manager,4,Divorced,3230,24418,8,Y,No,13,3,3,80,1,8,1,4,5,1,2,5,No
46,Travel_Rarely,738,Sales,29,3,Technical Degree,1,1075,1,Male,52,1,2,Research Scientist,1,Married,7853,2296,9,Y,Yes,25,3,2,80,1,11,2,1,7,3,2,0,Yes
54,Travel_Frequently,366,Research & Development,12,1,Human Resources,1,1076,3,Female,95,3,3,Human Resources,2,Married,8525,13914,6,Y,No,13,4,3,80,0,8,1,2,3,3,3,3,No
53,Non-Travel,483,Research & Development,7,4,Technical Degree,1,1077,4,Male,87,4,1,Research Director,4,Single,10222,13833,2,Y,Yes,15,3,4,80,2,7,5,4,2,2,0,0,No
38,Non-Travel,971,Research & Development,20,5,Human Resources,1,1078,2,Male,96,1,5,Laboratory Technician,3,Divorced,7783,12633,4,Y,Yes,21,4,1,80,1,13,2,2,7,4,7,2,Yes
38,Non-Travel,1376,Sales,22,4,Marketing,1,1079,4,Male,96,2,1,Laboratory Technician,3,Divorced,7422,3063,1,Y,No,14,3,3,80,0,2,1,3,2,2,1,1,Yes
48,Travel_Rarely,1474,Research & Development,3,3,Human Resources,1,1080,1,Male,88,1,5,Healthcare Representative,4,Single,6853,13428,4,Y,No,18,4,1,80,3,8,6,1,5,5,1,0,Yes
54,Travel_Frequently,466,Research & Development,4,5,Technical Degree,1,1081,4,Male,47,4,5,Healthcare Representative,2,Single,2868,18551,0,Y,Yes,13,3,1,80,0,4,2,3,3,1,0,3,No
35,Travel_Frequently,553,Research & Development,27,1,Marketing,1,1082,4,Male,85,2,5,Sales Executive,1,Single,2781,14011,1,Y,No,17,4,4,80,0,9,6,2,3,3,1,3,Yes
59,Travel_Rarely,427,Human Resources,7,1,Life Sciences,1,1083,2,Female,59,2,3,Manager,2,Married,1202,17533,7,Y,No,16,4,1,80,0,7,4,1,3,2,1,2,Yes
41,Travel_Frequently,1146,Research & Development,24,5,Other,1,1084,4,Male,46,4,1,Sales Representative,1,Single,4440,16530,9,Y,No,23,4,2,80,1,4,4,1,2,2,2,0,No
31,Travel_Rarely,390,Human Resources,8,4,Other,1,1085,4,Female,65,2,4,Research Director,2,Single,3613,23225,3,Y,No,19,3,2,80,0,20,1,4,17,2,0,0,No
18,Non-Travel,1216,Research & Development,3,4,Life Sciences,1,1086,4,Female,57,3,5,Manager,3,Divorced,12443,2315,9,Y,No,11,3,4,80,2,22,2,2,18,2,2,1,No
36,Non-Travel,716,Sales,29,4,Other,1,1087,3,Female,79,4,2,Sales Executive,2,Divorced,13663,14445,7,Y,Yes,19,3,1,80,2,14,0,2,2,1,0,0,No
55,Non-Travel,1487,Sales,21,5,Human Resources,1,1088,4,Male,56,3,5,Manufacturing Director,2,Divorced,3779,14700,6,Y,Yes,19,4,1,80,0,9,5,4,1,1,1,1,No
21,Travel_Rarely,479,Human Resources,27,5,Other,1,1089,1,Male,60,3,5,Sales Executive,2,Single,4451,8145,0,Y,No,12,3,3,80,3,2,6,4,1,1,0,0,No
26,Travel_Rarely,997,Sales,23,2,Human Resources,1,1090,2,Female,90,2,4,Research Director,4,Married,4656,21208,4,Y,Yes,20,4,1,80,3,23,0,3,13,3,5,2,Yes
28,Travel_Frequently,632,Sales,15,5,Medical,1,1091,2,Female,34,2,3,Manager,3,Single,2924,24442,2,Y,No,19,3,3,80,2,13,5,2,12,4,2,9,Yes
18,Travel_Rarely,905,Sales,1,3,Human Resources,1,1092,4,Male,64,3,5,Research Scientist,2,Married,5350,22970,3,Y,Yes,24,3,1,80,0,4,0,4,3,1,0,2,Yes
47,Travel_Frequently,151,Sales,19,3,Technical Degree,1,1093,2,Male,54,2,2,Laboratory Technician,2,Single,5542,24297,4,Y,No,16,4,3,80,1,9,6,2,1,1,1,1,Yes
25,Travel_Frequently,855,Human Resources,25,5,Technical Degree,1,1094,4,Male,58,2,3,Sales Executive,1,Married,3647,17213,0,Y,Yes,18,3,3,80,1,3,3,2,3,3,0,3,Yes
29,Travel_Frequently,675,Research & Development,23,2,Life Sciences,1,1095,3,Male,95,2,5,Healthcare Representative,1,Single,11137,6311,7,Y,Yes,25,3,3,80,0,13,2,4,3,3,3,3,No
42,Travel_Frequently,125,Human Resources,19,5,Human Resources,1,1096,3,Female,74,2,3,Manufacturing Director,2,Single,5794,25746,8,Y,No,23,3,1,80,3,7,4,3,7,3,0,0,Yes
30,Travel_Frequently,699,Research & Development,17,4,Life Sciences,1,1097,2,Female,71,3,4,Human Resources,4,Single,5733,2424,2,Y,No,25,4,2,80,2,12,1,1,6,1,2,3,No
29,Non-Travel,973,Sales,26,5,Human Resources,1,1098,2,Male,61,4,5,Healthcare Representative,3,Single,3886,6388,6,Y,Yes,21,3,1,80,0,5,4,4,3,1,2,0,Yes
39,Travel_Rarely,843,Research & Development,6,4,Other,1,1099,3,Male,73,3,3,Research Director,4,Single,2169,8035,2,Y,No,23,3,4,80,2,15,6,4,2,2,1,0,No
42,Non-Travel,1409,Sales,5,4,Technical Degree,1,1100,2,Female,61,2,1,Manufacturing Director,1,Single,9681,3013,7,Y,Yes,18,4,3,80,3,17,6,3,17,5,1,1,No
45,Non-Travel,980,Human Resources,21,2,Medical,1,1101,3,Male,92,1,5,Healthcare Representative,1,Single,3146,8097,5,Y,No,18,3,2,80,1,10,3,4,7,1,2,0,Yes
52,Travel_Frequently,1392,Research & Development,2,4,Other,1,1102,4,Male,34,3,5,Sales Representative,4,Divorced,9132,12626,6,Y,No,18,3,1,80,2,14,1,2,3,1,2,3,Yes
45,Non-Travel,172,Human Resources,9,2,Life Sciences,1,1103,4,Female,42,2,1,Human Resources,4,Single,6424,18643,1,Y,No,17,3,2,80,2,15,2,2,14,1,1,1,No
24,Travel_Frequently,870,Sales,14,2,Technical Degree,1,1104,1,Male,47,1,5,Human Resources,1,Divorced,4369,21351,7,Y,No,24,4,1,80,0,23,1,1,19,5,0,0,No
27,Non-Travel,628,Research & Development,17,4,Technical Degree,1,1105,2,Female,75,1,1,Healthcare Representative,1,Single,5967,9907,4,Y,No,11,3,3,80,3,8,3,4,2,2,0,2,Yes
25,Travel_Rarely,836,Research & Development,15,4,Other,1,1106,3,Male,62,1,4,Manager,3,Divorced,3308,8162,4,Y,Yes,20,3,4,80,2,2,5,3,2,1,0,0,No
48,Non-Travel,542,Sales,8,2,Medical,1,1107,4,Female,84,2,1,Sales Executive,2,Divorced,6877,17543,0,Y,No,12,4,1,80,0,3,6,2,1,1,1,1,No
32,Non-Travel,102,Human Resources,14,3,Other,1,1108,1,Male,48,4,2,Research Scientist,1,Divorced,4564,14126,7,Y,Yes,22,4,4,80,3,10,2,3,1,1,1,1,No
44,Non-Travel,308,Human Resources,24,5,Life Sciences,1,1109,2,Female,76,2,4,Research Director,1,Married,3960,24936,8,Y,No,13,3,1,80,2,13,4,1,3,3,2,3,Yes
34,Travel_Rarely,1310,Human Resources,18,4,Technical Degree,1,1110,4,Female,48,4,4,Sales Executive,3,Single,8270,9983,4,Y,No,22,3,4,80,2,6,4,3,1,1,1,1,Yes
25,Travel_Frequently,465,Human Resources,4,1,Other,1,1111,3,Female,98,4,1,Sales Executive,3,Single,2877,6758,0,Y,Yes,22,3,3,80,2,15,1,3,2,2,1,1,No
53,Non-Travel,1362,Human Resources,4,5,Medical,1,1112,4,Male,88,3,1,Healthcare Representative,1,Married,7966,15899,2,Y,No,11,3,4,80,3,11,6,2,10,1,0,0,Yes
55,Travel_Rarely,135,Research & Development,26,5,Medical,1,1113,2,Female,60,2,2,Manufacturing Director,4,Single,7616,10009,8,Y,No,24,3,2,80,1,4,3,4,2,2,1,0,No
20,Non-Travel,345,Research & Development,13,5,Medical,1,1114,3,Male,64,3,5,Laboratory Technician,2,Single,8063,3947,3,Y,Yes,23,4,3,80,2,16,6,4,2,2,2,2,No
19,Non-Travel,981,Sales,19,5,Medical,1,1115,1,Female,63,4,4,Healthcare Representative,3,Single,2902,23117,0,Y,Yes,21,3,1,80,2,4,5,3,4,2,2,4,No
38,Non-Travel,401,Human Resources,29,3,Marketing,1,1116,3,Female,90,3,1,Human Resources,3,Single,5113,12462,7,Y,No,13,3,4,80,2,8,4,2,2,2,1,1,No
53,Travel_Frequently,897,Human Resources,22,4,Technical Degree,1,1117,1,Female,55,3,3,Sales Executive,3,Married,2708,22379,8,Y,Yes,23,3,3,80,1,19,2,1,6,1,0,0,Yes
38,Travel_Frequently,1247,Research & Development,5,5,Human Resources,1,1118,2,Male,82,3,5,Research Director,3,Divorced,3232,12572,2,Y,Yes,21,3,1,80,1,9,4,1,7,1,0,0,Yes
47,Travel_Frequently,473,Research & Development,16,5,Marketing,1,1119,1,Male,63,2,4,Human Resources,3,Married,3077,16739,0,Y,Yes,14,4,1,80,0,19,2,3,6,1,0,1,Yes
23,Non-Travel,228,Human Resources,18,3,Medical,1,1120,2,Female,81,4,1,Sales Executive,2,Single,13977,16251,1,Y,Yes,17,4,3,80,0,14,5,4,3,1,0,0,Yes
50,Travel_Rarely,792,Research & Development,17,1,Other,1,1121,3,Male,68,2,5,Healthcare Representative,4,Single,2792,26643,7,Y,No,21,4,3,80,3,17,6,2,12,1,1,0,No
58,Travel_Frequently,1251,Sales,8,1,Medical,1,1122,4,Male,64,2,4,Manager,2,Married,3137,26523,7,Y,Yes,11,4,1,80,1,14,1,4,1,1,1,1,No
35,Non-Travel,914,Sales,24,2,Medical,1,1123,4,Male,40,4,3,Manager,1,Divorced,3631,24009,1,Y,No,22,4,1,80,2,12,3,2,2,2,1,0,No
39,Non-Travel,484,Human Resources,8,1,Life Sciences,1,1124,4,Male,97,2,5,Research Director,2,Single,3354,20952,8,Y,Yes,20,3,3,80,1,13,0,1,2,2,2,2,Yes
20,Travel_Rarely,531,Human Resources,7,2,Life Sciences,1,1125,3,Female,69,4,3,Research Scientist,4,Single,3109,4221,6,Y,No,23,3,1,80,0,17,1,1,5,1,2,2,No
38,Travel_Rarely,814,Research & Development,7,1,Other,1,1126,2,Male,44,4,1,Research Scientist,4,Divorced,9042,22362,4,Y,Yes,13,3,4,80,1,8,6,4,1,1,1,0,Yes
49,Travel_Rarely,310,Research & Development,8,2,Human Resources,1,1127,3,Female,99,4,3,Sales Representative,4,Single,6807,14232,2,Y,Yes,12,3,2,80,1,11,1,3,4,1,0,1,No
35,Non-Travel,1384,Research & Development,14,1,Human Resources,1,1128,2,Male,87,2,2,Sales Representative,2,Married,2072,3870,5,Y,Yes,19,3,3,80,0,14,0,2,1,1,1,1,Yes
52,Travel_Rarely,178,Research & Development,29,5,Life Sciences,1,1129,1,Male,55,3,1,Manufacturing Director,3,Divorced,6881,6286,3,Y,Yes,25,3,2,80,0,6,6,2,5,2,2,0,No
28,Non-Travel,1086,Sales,26,5,Human Resources,1,1130,3,Female,37,2,3,Laboratory Technician,3,Married,6461,25190,9,Y,No,22,3,1,80,1,14,5,3,5,3,0,2,No
50,Travel_Rarely,1104,Human Resources,16,4,Medical,1,1131,2,Male,35,2,3,Research Director,4,Single,3855,26114,1,Y,Yes,13,3,4,80,1,11,0,4,4,2,1,4,Yes
58,Non-Travel,677,Human Resources,10,5,Other,1,1132,1,Female,92,4,2,Sales Representative,4,Married,4900,19806,6,Y,Yes,18,3,2,80,1,6,6,1,1,1,1,0,Yes
38,Travel_Frequently,727,Research & Development,21,4,Marketing,1,1133,4,Male,62,3,4,Manager,3,Divorced,4094,8486,2,Y,Yes,19,3,4,80,1,11,5,2,1,1,0,1,Yes
19,Travel_Rarely,1040,Human Resources,13,2,Technical Degree,1,1134,3,Female,42,3,1,Human Resources,4,Single,2590,7361,4,Y,Yes,12,4,1,80,2,10,5,1,2,2,2,2,No
57,Travel_Frequently,222,Sales,3,2,Medical,1,1135,4,Female,61,4,5,Research Scientist,1,Divorced,3899,9494,6,Y,No,21,4,4,80,3,1,0,2,1,1,1,0,No
19,Non-Travel,1152,Research & Development,11,2,Marketing,1,1136,3,Female,33,1,4,Manager,4,Married,9119,6137,2,Y,Yes,23,4,4,80,0,9,2,1,2,1,0,2,Yes
28,Travel_Rarely,615,Sales,5,2,Life Sciences,1,1137,1,Male,73,1,5,Research Director,4,Divorced,11006,23545,4,Y,Yes,13,3,4,80,3,8,3,3,5,2,1,5,No
29,Travel_Frequently,129,Sales,23,5,Other,1,1138,3,Female,88,2,2,Manufacturing Director,2,Divorced,4184,2753,3,Y,No,11,4,1,80,2,8,1,3,3,2,3,2,Yes
48,Travel_Frequently,1102,Sales,17,2,Life Sciences,1,1139,4,Male,35,4,3,Sales Executive,3,Married,5093,3958,1,Y,Yes,18,3,4,80,0,14,2,2,1,1,0,1,Yes
34,Travel_Frequently,214,Sales,26,2,Medical,1,1140,2,Female,90,1,4,Healthcare Representative,1,Single,14416,4673,3,Y,Yes,22,3,1,80,2,3,2,1,1,1,0,0,Yes
38,Travel_Rarely,691,Research & Development,12,4,Marketing,1,1141,2,Male,83,4,1,Laboratory Technician,4,Married,2988,9242,5,Y,Yes,14,3,1,80,1,16,5,4,5,5,0,5,Yes
56,Travel_Frequently,1282,Sales,2,5,Life Sciences,1,1142,2,Male,71,3,5,Laboratory Technician,2,Divorced,2848,18099,2,Y,Yes,24,3,1,80,0,4,1,2,2,2,2,2,Yes
21,Travel_Rarely,832,Sales,18,5,Marketing,1,1143,4,Female,72,1,3,Manager,4,Single,5797,22122,4,Y,No,20,3,1,80,1,9,1,1,2,1,2,2,No
31,Non-Travel,498,Human Resources,29,3,Human Resources,1,1144,4,Female,44,1,2,Laboratory Technician,3,Divorced,4823,23950,0,Y,Yes,17,3,2,80,3,4,6,4,1,1,1,0,Yes
35,Travel_Rarely,330,Sales,8,3,Human Resources,1,1145,1,Female,33,4,3,Manufacturing Director,4,Divorced,3804,4784,3,Y,No,20,4,2,80,0,14,2,4,4,1,1,3,No
30,Travel_Rarely,1294,Research & Development,26,1,Human Resources,1,1146,2,Male,75,2,4,Manufacturing Director,1,Divorced,5454,6807,5,Y,No,21,3,1,80,2,16,4,2,6,2,1,2,No
40,Travel_Rarely,1154,Research & Development,11,3,Other,1,1147,1,Female,65,3,4,Manufacturing Director,3,Single,4982,24900,3,Y,No,24,4,2,80,2,8,4,4,2,2,2,1,Yes
32,Non-Travel,384,Sales,6,2,Human Resources,1,1148,3,Male,57,1,1,Research Director,4,Single,5772,15679,5,Y,No,19,3,1,80,2,13,0,2,6,1,0,5,No
42,Travel_Frequently,303,Human Resources,16,2,Technical Degree,1,1149,1,Female,87,4,2,Human Resources,4,Single,3229,24166,6,Y,No,17,4,4,80,0,4,5,4,3,2,3,3,No
41,Non-Travel,1457,Human Resources,26,4,Technical Degree,1,1150,4,Female,44,4,5,Research Director,1,Married,3806,26086,8,Y,No,18,3,4,80,1,12,4,2,4,2,1,4,No
30,Travel_Rarely,956,Human Resources,20,1,Medical,1,1151,2,Male,48,4,5,Sales Executive,4,Married,4330,17234,8,Y,Yes,22,3,1,80,3,30,5,4,24,1,1,7,Yes
51,Travel_Frequently,874,Research & Development,17,4,Human Resources,1,1152,1,Male,76,4,4,Sales Representative,3,Married,3012,25926,5,Y,No,25,4,1,80,3,8,5,2,3,2,0,2,No
44,Travel_Frequently,481,Sales,8,1,Technical Degree,1,1153,3,Female,63,3,1,Research Scientist,2,Single,4895,24499,6,Y,Yes,17,4,2,80,0,4,2,1,4,1,1,4,Yes
38,Travel_Frequently,446,Human Resources,24,5,Technical Degree,1,1154,2,Female,72,4,2,Manager,4,Married,2697,13991,5,Y,No,20,4,3,80,2,19,4,2,6,6,2,0,Yes
38,Travel_Frequently,339,Research & Development,20,1,Technical Degree,1,1155,3,Male,34,1,2,Manager,1,Single,3309,5791,0,Y,No,24,3,1,80,3,10,5,3,2,1,0,2,Yes
51,Travel_Frequently,1187,Human Resources,5,3,Life Sciences,1,1156,1,Female,97,3,5,Research Scientist,1,Divorced,5129,2340,6,Y,Yes,11,3,4,80,2,13,5,1,4,1,4,1,No
40,Travel_Rarely,219,Sales,28,3,Life Sciences,1,1157,1,Female,61,1,4,Research Scientist,1,Single,4531,10484,2,Y,Yes,22,3,4,80,0,7,2,3,4,4,1,1,Yes
58,Travel_Frequently,953,Human Resources,14,4,Marketing,1,1158,2,Female,94,4,4,Manager,2,Single,4142,23928,9,Y,Yes,15,4,2,80,0,9,2,4,4,1,4,4,No
42,Travel_Frequently,293,Human Resources,12,3,Life Sciences,1,1159,2,Female,36,1,2,Human Resources,2,Married,6296,7044,3,Y,No,11,3,3,80,1,15,6,1,4,1,4,2,No
51,Non-Travel,1425,Research & Development,11,5,Other,1,1160,3,Male,90,4,2,Sales Representative,2,Married,6246,3642,5,Y,Yes,15,3,4,80,0,14,6,1,2,2,2,2,No
22,Non-Travel,153,Sales,7,2,Other,1,1161,4,Male,64,4,1,Manufacturing Director,1,Married,5923,23664,9,Y,Yes,19,3,3,80,0,8,1,1,8,4,4,2,Yes
25,Non-Travel,1159,Human Resources,24,4,Technical Degree,1,1162,4,Female,88,3,4,Research Director,3,Single,3834,22232,5,Y,No,17,3,1,80,2,14,5,2,1,1,1,0,No
50,Travel_Rarely,282,Research & Development,4,2,Technical Degree,1,1163,1,Female,94,1,5,Sales Representative,1,Divorced,5150,14018,9,Y,Yes,23,3,1,80,2,8,0,2,2,2,0,0,Yes
48,Travel_Frequently,660,Human Resources,26,3,Other,1,1164,3,Male,76,1,3,Laboratory Technician,1,Married,4486,14657,3,Y,No,14,3,4,80,1,9,4,4,2,1,1,0,Yes
25,Non-Travel,1024,Research & Development,3,4,Technical Degree,1,1165,3,Female,61,3,2,Sales Representative,4,Married,3191,20254,5,Y,Yes,20,3,2,80,1,15,4,4,2,2,2,1,No
19,Travel_Rarely,1089,Sales,2,1,Marketing,1,1166,4,Female,51,4,5,Laboratory Technician,3,Married,2146,8780,3,Y,Yes,23,3,3,80,0,7,5,3,4,1,1,1,No
57,Travel_Frequently,1410,Sales,12,4,Medical,1,1167,2,Female,47,1,3,Human Resources,2,Single,5910,5322,8,Y,No,24,3,1,80,2,16,1,4,6,3,1,2,No
36,Travel_Rarely,1242,Research & Development,10,2,Medical,1,1168,4,Male,68,2,3,Healthcare Representative,2,Divorced,16048,26962,6,Y,Yes,23,4,1,80,3,13,5,1,1,1,1,1,Yes
60,Travel_Rarely,1043,Human Resources,25,3,Medical,1,1169,2,Male,33,2,3,Research Director,3,Single,4620,23493,7,Y,No,23,4,2,80,0,8,3,1,4,4,0,3,Yes
37,Non-Travel,693,Sales,9,4,Human Resources,1,1170,2,Male,53,1,3,Healthcare Representative,2,Married,6422,6999,6,Y,Yes,24,3,3,80,3,10,3,2,1,1,1,1,Yes
29,Travel_Frequently,1072,Sales,9,5,Technical Degree,1,1171,2,Female,36,4,3,Laboratory Technician,3,Single,6110,8998,7,Y,Yes,18,4,3,80,0,12,4,3,4,2,0,3,Yes
20,Non-Travel,1385,Research & Development,22,1,Life Sciences,1,1172,1,Female,31,2,4,Research Director,1,Single,4288,15673,8,Y,Yes,14,3,4,80,1,2,5,3,1,1,1,1,No
60,Non-Travel,906,Research & Development,3,3,Other,1,1173,3,Female,62,3,2,Sales Representative,2,Single,6474,10716,7,Y,No,15,3,3,80,2,11,2,2,5,3,5,0,No
57,Travel_Frequently,1330,Human Resources,3,2,Medical,1,1174,3,Male,58,4,3,Research Director,3,Single,2980,4057,7,Y,No,22,4,2,80,0,17,6,2,3,3,0,2,Yes
23,Non-Travel,1449,Research & Development,18,4,Marketing,1,1175,2,Female,66,2,1,Manufacturing Director,1,Married,2883,11973,5,Y,No,16,3,4,80,3,3,0,2,1,1,1,0,Yes
56,Travel_Frequently,693,Human Resources,22,4,Other,1,1176,3,Female,60,4,3,Research Scientist,4,Married,4752,17740,6,Y,No,14,3,2,80,0,10,0,3,5,2,2,0,No
29,Travel_Rarely,441,Sales,26,4,Medical,1,1177,2,Female,98,4,2,Sales Representative,1,Married,5133,18461,6,Y,No,17,4,2,80,3,9,4,2,2,1,1,1,No
53,Travel_Frequently,1415,Sales,23,5,Other,1,1178,3,Male,36,3,2,Research Scientist,1,Single,4333,4553,1,Y,Yes,15,4,2,80,3,13,2,2,1,1,0,1,Yes
58,Travel_Frequently,628,Human Resources,25,1,Other,1,1179,2,Male,77,3,5,Human Resources,3,Divorced,3775,2667,0,Y,Yes,15,3,3,80,0,17,4,1,3,3,0,2,No
48,Travel_Rarely,200,Research & Development,16,1,Marketing,1,1180,3,Male,62,1,4,Human Resources,3,Single,3518,23088,1,Y,No,24,4,4,80,0,15,5,1,9,3,0,2,No
52,Travel_Rarely,301,Sales,18,2,Human Resources,1,1181,1,Male,95,3,2,Healthcare Representative,3,Married,3394,19101,8,Y,Yes,18,3,2,80,2,16,1,3,2,2,2,2,Yes
52,Travel_Frequently,1441,Human Resources,14,3,Marketing,1,1182,1,Female,51,4,1,Research Director,4,Single,1999,24963,7,Y,No,21,4,1,80,1,15,3,1,1,1,1,1,Yes
20,Non-Travel,892,Research & Development,1,1,Medical,1,1183,3,Female,59,1,5,Research Scientist,4,Divorced,3203,17419,8,Y,No,16,3,1,80,3,8,6,1,4,1,0,3,No
48,Non-Travel,1030,Sales,22,2,Other,1,1184,2,Male,35,4,5,Research Scientist,2,Divorced,8207,13326,7,Y,No,22,3,1,80,0,8,3,2,2,2,2,0,Yes
47,Travel_Rarely,1379,Research & Development,11,5,Life Sciences,1,1185,2,Male,48,4,3,Laboratory Technician,3,Single,5426,17930,6,Y,No,18,3,3,80,1,11,4,1,8,1,3,0,Yes
32,Travel_Rarely,182,Human Resources,29,5,Life Sciences,1,1186,2,Male,84,3,3,Sales Representative,3,Divorced,6245,11853,0,Y,No,19,3,1,80,1,14,6,4,1,1,1,0,Yes
28,Travel_Rarely,714,Research & Development,15,5,Other,1,1187,1,Male,35,3,1,Laboratory Technician,3,Divorced,3243,21727,7,Y,Yes,12,4,3,80,1,13,1,1,4,3,0,4,Yes
20,Non-Travel,342,Sales,15,1,Other,1,1188,2,Male,42,3,3,Human Resources,4,Married,9679,25313,4,Y,No,24,3,4,80,0,6,6,4,1,1,0,1,No
45,Travel_Rarely,890,Human Resources,24,2,Technical Degree,1,1189,2,Male,84,4,5,Sales Executive,4,Single,5762,12322,7,Y,No,16,3,4,80,2,4,4,3,1,1,0,0,No
30,Travel_Rarely,855,Sales,1,1,Technical Degree,1,1190,2,Male,40,3,2,Research Scientist,3,Single,16827,26231,6,Y,No,14,4,1,80,3,12,6,1,2,1,2,0,No
32,Travel_Rarely,913,Human Resources,6,2,Life Sciences,1,1191,4,Male,56,4,3,Research Scientist,3,Divorced,7480,26395,2,Y,Yes,14,3,4,80,0,23,3,4,10,3,1,1,Yes
33,Travel_Frequently,1352,Human Resources,26,1,Marketing,1,1192,3,Male,41,1,5,Research Scientist,4,Divorced,3617,2522,5,Y,Yes,20,4,1,80,1,11,2,3,3,3,2,0,No
22,Travel_Rarely,1240,Research & Development,27,1,Medical,1,1193,3,Male,65,4,2,Sales Representative,1,Single,4406,16140,3,Y,No,22,3,2,80,0,9,3,2,2,2,2,1,Yes
46,Non-Travel,1353,Sales,24,5,Marketing,1,1194,4,Male,42,4,1,Sales Representative,3,Married,6858,25514,6,Y,Yes,11,4,1,80,1,20,0,3,10,2,7,2,No
32,Non-Travel,1401,Sales,25,3,Human Resources,1,1195,3,Female,46,2,3,Healthcare Representative,3,Single,6443,17055,7,Y,Yes,23,3,2,80,1,11,2,4,1,1,0,1,No
58,Non-Travel,133,Research & Development,1,3,Technical Degree,1,1196,1,Male,93,1,2,Healthcare Representative,2,Divorced,3341,16416,1,Y,Yes,25,3,4,80,1,15,5,4,10,1,0,0,Yes
57,Non-Travel,997,Sales,28,3,Other,1,1197,4,Female,51,2,4,Manager,4,Divorced,4199,8208,5,Y,Yes,12,3,3,80,1,8,0,2,6,1,0,6,Yes
28,Non-Travel,687,Human Resources,26,3,Technical Degree,1,1198,3,Male,55,3,3,Manager,1,Married,5518,9731,7,Y,Yes,25,4,4,80,2,13,1,3,10,1,2,7,No
54,Travel_Frequently,933,Human Resources,22,3,Human Resources,1,1199,4,Male,34,3,4,Research Director,2,Divorced,6526,4006,7,Y,Yes,14,4,1,80,2,11,0,2,1,1,1,1,Yes
24,Travel_Frequently,1477,Human Resources,14,5,Medical,1,1200,4,Female,39,3,4,Research Scientist,4,Single,11474,4819,3,Y,Yes,22,4,2,80,1,14,6,3,7,1,1,2,Yes
18,Travel_Frequently,225,Research & Development,25,4,Medical,1,1201,1,Male,59,2,3,Research Director,3,Married,4597,22068,7,Y,Yes,21,4,1,80,3,3,6,4,2,2,1,0,No
60,Non-Travel,761,Sales,5,4,Marketing,1,1202,1,Male,92,1,3,Research Director,1,Married,4207,12550,7,Y,No,22,3,1,80,2,12,6,1,3,2,3,1,No
50,Travel_Frequently,794,Sales,5,4,Other,1,1203,4,Female,30,2,2,Human Resources,4,Single,5031,13170,3,Y,Yes,24,3,2,80,2,22,6,2,16,9,1,6,No
42,Travel_Rarely,288,Research & Development,12,3,Medical,1,1204,4,Male,40,2,5,Manager,3,Divorced,7752,8377,7,Y,Yes,16,3,1,80,2,4,4,1,2,1,1,2,No
30,Non-Travel,1408,Human Resources,1,2,Technical Degree,1,1205,2,Female,40,3,3,Manufacturing Director,2,Single,4458,21102,7,Y,No,21,3,2,80,3,22,4,3,8,8,4,1,No
49,Travel_Rarely,456,Sales,23,1,Medical,1,1206,4,Male,76,2,5,Research Director,4,Divorced,9739,19441,7,Y,Yes,12,3,1,80,2,9,2,2,2,1,0,1,No
55,Travel_Rarely,950,Sales,28,3,Human Resources,1,1207,3,Male,40,3,5,Research Scientist,4,Single,5601,23606,2,Y,Yes,17,3,4,80,3,18,6,3,4,3,2,1,No
37,Travel_Rarely,1318,Research & Development,2,4,Other,1,1208,4,Male,53,4,1,Healthcare Representative,2,Single,7224,16837,2,Y,No,19,4,4,80,3,19,4,3,15,1,3,5,Yes
47,Travel_Frequently,938,Sales,24,2,Human Resources,1,1209,4,Female,90,3,5,Healthcare Representative,3,Divorced,3813,4430,5,Y,Yes,15,3,1,80,3,7,3,2,2,2,2,1,Yes
58,Travel_Frequently,1160,Research & Development,5,2,Technical Degree,1,1210,2,Female,35,1,3,Research Scientist,3,Single,7458,20038,7,Y,No,12,3,1,80,1,13,0,3,2,2,1,1,No
53,Travel_Rarely,370,Human Resources,21,3,Technical Degree,1,1211,3,Male,64,3,5,Sales Representative,1,Married,7022,14665,0,Y,No,12,3,1,80,0,4,2,4,1,1,1,0,No
38,Travel_Rarely,184,Research & Development,23,3,Human Resources,1,1212,4,Male,95,4,1,Human Resources,1,Married,8852,11045,7,Y,No,25,4,2,80,2,14,2,4,3,3,1,3,No
37,Travel_Frequently,586,Research & Development,17,4,Human Resources,1,1213,4,Female,47,1,4,Healthcare Representative,4,Single,5192,3858,2,Y,No,25,3,3,80,2,15,6,1,6,1,6,2,Yes
33,Travel_Rarely,1488,Research & Development,13,3,Medical,1,1214,4,Male,38,2,1,Manufacturing Director,1,Single,3903,13678,6,Y,No,13,3,1,80,3,4,2,2,2,2,0,2,No
44,Non-Travel,602,Research & Development,8,2,Marketing,1,1215,1,Female,30,2,2,Sales Representative,3,Married,8754,2893,9,Y,No,14,4,2,80,0,4,5,1,1,1,1,1,No
54,Travel_Frequently,976,Human Resources,4,3,Life Sciences,1,1216,1,Male,95,1,3,Research Scientist,4,Married,1787,6723,6,Y,Yes,20,3,2,80,1,6,3,2,1,1,0,0,Yes
18,Non-Travel,564,Research & Development,18,2,Marketing,1,1217,4,Female,73,3,4,Healthcare Representative,4,Divorced,3674,2563,9,Y,No,19,3,3,80,1,9,6,4,4,3,3,1,No
20,Travel_Frequently,1335,Human Resources,24,4,Other,1,1218,4,Male,61,4,4,Sales Representative,4,Single,1803,3042,4,Y,No,22,4,1,80,1,9,1,1,2,1,2,2,Yes
47,Non-Travel,476,Research & Development,28,5,Other,1,1219,4,Male,97,2,3,Sales Executive,3,Married,7308,9207,7,Y,No,24,4,2,80,3,6,5,3,4,3,4,0,No
29,Travel_Rarely,132,Sales,13,2,Human Resources,1,1220,4,Male,86,1,5,Healthcare Representative,1,Single,4583,11081,7,Y,Yes,16,3,1,80,3,13,1,4,11,2,0,5,No
19,Travel_Frequently,647,Human Resources,24,1,Other,1,1221,1,Male,93,2,4,Sales Representative,3,Divorced,5200,25823,0,Y,Yes,18,3,4,80,2,11,6,2,2,1,2,2,No
27,Travel_Frequently,369,Sales,10,1,Other,1,1222,4,Female,95,2,5,Sales Representative,1,Divorced,16296,17092,4,Y,No,14,3,1,80,0,11,1,2,7,2,2,0,No
39,Non-Travel,916,Human Resources,11,3,Life Sciences,1,1223,3,Male,39,3,2,Sales Representative,4,Divorced,4452,20756,6,Y,No,12,4,4,80,2,14,3,2,1,1,0,1,No
31,Non-Travel,1295,Research & Development,2,5,Technical Degree,1,1224,2,Female,83,3,5,Manufacturing Director,4,Single,4330,3360,8,Y,Yes,16,4,4,80,1,12,0,4,7,1,0,0,No
50,Travel_Rarely,783,Sales,9,5,Other,1,1225,1,Female,42,4,4,Research Scientist,2,Divorced,11434,26189,8,Y,No,12,4,4,80,0,10,2,3,5,1,1,0,No
31,Travel_Rarely,1473,Human Resources,27,1,Medical,1,1226,4,Female,59,4,2,Sales Representative,2,Single,3667,16108,4,Y,Yes,12,4,2,80,3,15,1,1,1,1,1,0,Yes
29,Travel_Rarely,729,Sales,1,1,Technical Degree,1,1227,4,Male,84,4,2,Human Resources,2,Single,10099,6778,2,Y,Yes,18,3,3,80,3,11,5,2,9,1,1,3,Yes
29,Travel_Frequently,599,Sales,27,4,Technical Degree,1,1228,4,Female,86,2,2,Manufacturing Director,1,Divorced,7673,17126,9,Y,Yes,25,4,4,80,1,10,2,3,4,2,4,1,No
58,Travel_Frequently,422,Sales,12,5,Life Sciences,1,1229,3,Female,90,3,1,Research Scientist,4,Single,2909,2789,5,Y,No,19,4,4,80,0,16,5,1,4,1,2,1,Yes
49,Travel_Frequently,784,Sales,1,3,Technical Degree,1,1230,1,Male,38,3,2,Manufacturing Director,3,Single,5585,12515,1,Y,Yes,20,3,1,80,3,14,4,3,6,1,1,2,Yes
21,Travel_Rarely,462,Sales,15,3,Medical,1,1231,4,Male,80,2,5,Sales Executive,1,Married,4792,13013,1,Y,No,16,3,3,80,1,5,0,4,4,4,0,1,No
54,Non-Travel,1182,Research & Development,10,1,Technical Degree,1,1232,4,Female,55,1,5,Manager,1,Married,5050,17783,3,Y,No,17,3,3,80,3,16,0,3,2,2,2,2,No
28,Non-Travel,845,Sales,28,5,Technical Degree,1,1233,4,Female,56,2,5,Manager,1,Divorced,11093,7781,8,Y,Yes,18,3,3,80,1,10,6,1,2,1,0,1,No
49,Travel_Rarely,800,Research & Development,29,1,Technical Degree,1,1234,4,Female,63,1,3,Research Scientist,2,Divorced,4966,10228,1,Y,Yes,11,3,3,80,2,18,0,1,5,2,1,0,Yes
57,Travel_Frequently,1443,Sales,21,4,Other,1,1235,2,Male,57,4,3,Human Resources,2,Married,5222,10032,3,Y,No,20,3,3,80,3,20,3,1,15,2,0,0,No
59,Non-Travel,999,Human Resources,12,2,Technical Degree,1,1236,3,Male,40,1,4,Research Director,3,Single,2506,10308,3,Y,No,23,3,2,80,3,9,3,4,2,1,2,2,Yes
53,Non-Travel,1219,Research & Development,7,1,Marketing,1,1237,3,Female,31,1,5,Sales Executive,1,Single,2377,19622,2,Y,No,16,3,3,80,1,7,4,1,5,5,0,2,Yes
46,Travel_Frequently,1482,Human Resources,23,4,Technical Degree,1,1238,2,Female,61,2,5,Research Scientist,4,Divorced,3282,4589,2,Y,Yes,20,4,3,80,1,4,3,2,2,1,2,0,No
60,Non-Travel,953,Research & Development,20,4,Medical,1,1239,2,Male,57,1,2,Manufacturing Director,2,Single,6411,19021,4,Y,No,16,4,4,80,3,14,6,3,4,1,2,4,No
48,Travel_Frequently,176,Research & Development,17,3,Medical,1,1240,1,Female,70,1,1,Human Resources,1,Single,3575,15223,1,Y,No,14,3,3,80,3,13,3,1,5,1,0,5,No
43,Travel_Rarely,452,Sales,11,4,Medical,1,1241,2,Male,96,3,5,Manufacturing Director,4,Single,11128,24169,3,Y,No,20,4,4,80,0,9,0,4,2,1,1,2,No
58,Travel_Frequently,673,Sales,18,5,Technical Degree,1,1242,1,Female,90,1,3,Laboratory Technician,3,Single,4454,20530,1,Y,No,17,4,3,80,3,8,4,1,2,2,1,0,No
53,Non-Travel,442,Human Resources,16,3,Medical,1,1243,3,Female,42,4,5,Research Scientist,1,Single,2987,26867,0,Y,No,12,3,2,80,2,14,5,1,10,3,1,0,No
37,Non-Travel,813,Human Resources,20,4,Marketing,1,1244,4,Female,82,3,2,Research Scientist,4,Divorced,4853,11870,3,Y,No,11,3,1,80,2,5,1,4,2,2,2,2,No
26,Travel_Rarely,866,Human Resources,21,5,Medical,1,1245,2,Female,63,1,2,Sales Representative,2,Single,5167,10779,4,Y,No,19,4,2,80,1,2,5,1,2,1,2,2,Yes
48,Non-Travel,1111,Sales,1,4,Human Resources,1,1246,3,Male,79,1,2,Manager,3,Divorced,3967,8611,7,Y,Yes,17,3,4,80,0,4,3,2,1,1,0,1,No
37,Travel_Frequently,1206,Sales,6,1,Human Resources,1,1247,3,Male,78,3,5,Manager,4,Married,9710,2305,6,Y,Yes,14,4,4,80,1,15,2,3,1,1,1,1,No
49,Travel_Frequently,179,Sales,14,1,Marketing,1,1248,4,Female,87,4,5,Sales Representative,4,Divorced,8602,16920,7,Y,Yes,25,3,2,80,1,12,3,4,5,2,2,0,No
53,Travel_Rarely,874,Human Resources,29,1,Technical Degree,1,1249,3,Male,45,3,1,Manufacturing Director,2,Divorced,5128,25757,8,Y,No,24,4,3,80,2,20,5,3,7,5,7,4,Yes
59,Travel_Frequently,212,Research & Development,13,3,Other,1,1250,4,Female,47,1,4,Manufacturing Director,4,Single,4442,10685,3,Y,No,17,3,4,80,1,10,3,3,3,2,1,1,Yes
39,Non-Travel,1177,Human Resources,16,3,Marketing,1,1251,4,Female,78,3,5,Sales Executive,4,Divorced,7517,9004,6,Y,Yes,15,3,2,80,2,5,5,4,4,3,1,2,Yes
22,Non-Travel,908,Human Resources,20,4,Medical,1,1252,2,Female,62,3,2,Research Director,4,Married,2413,14545,0,Y,No,11,3,1,80,0,12,5,4,3,3,0,0,Yes
53,Non-Travel,1258,Research & Development,23,4,Medical,1,1253,3,Male,53,3,1,Laboratory Technician,3,Divorced,4942,7673,5,Y,Yes,22,4,4,80,2,20,4,2,11,1,2,1,No
58,Non-Travel,1132,Sales,29,4,Technical Degree,1,1254,4,Female,63,1,1,Research Director,2,Divorced,6891,16605,1,Y,Yes,11,3,4,80,3,21,4,4,7,1,0,1,No
28,Travel_Frequently,1223,Human Resources,20,2,Technical Degree,1,1255,1,Female,93,3,5,Sales Representative,1,Married,8401,23639,6,Y,No,18,4,1,80,3,9,2,2,2,2,1,2,Yes
31,Travel_Frequently,628,Human Resources,13,4,Other,1,1256,4,Male,93,1,5,Healthcare Representative,2,Divorced,5644,6027,5,Y,No,11,4,3,80,2,3,3,1,1,1,1,1,Yes
38,Non-Travel,476,Research & Development,15,4,Marketing,1,1257,2,Female,86,1,1,Sales Executive,3,Divorced,7681,26007,8,Y,Yes,20,3,1,80,2,20,2,4,17,4,0,0,No
24,Travel_Frequently,204,Research & Development,15,2,Medical,1,1258,1,Male,89,4,4,Research Director,3,Single,2768,6485,3,Y,Yes,21,4,3,80,3,14,0,2,9,1,7,3,Yes
59,Non-Travel,942,Sales,25,5,Human Resources,1,1259,1,Male,55,4,5,Manager,4,Divorced,10290,26003,5,Y,Yes,20,4,4,80,0,12,4,1,5,1,0,1,Yes
44,Travel_Rarely,1452,Research & Development,25,2,Life Sciences,1,1260,3,Female,64,1,1,Laboratory Technician,3,Married,12183,26303,4,Y,Yes,23,4,2,80,1,14,4,2,7,6,1,7,No
44,Non-Travel,939,Sales,2,2,Marketing,1,1261,3,Female,71,4,5,Human Resources,1,Single,2557,25835,8,Y,No,20,3,1,80,2,10,5,1,6,2,0,0,Yes
32,Travel_Frequently,766,Sales,21,4,Technical Degree,1,1262,2,Female,93,3,1,Manufacturing Director,3,Divorced,6213,5505,6,Y,Yes,24,3,4,80,1,4,2,1,1,1,1,0,Yes
60,Travel_Frequently,501,Research & Development,12,4,Other,1,1263,4,Female,40,2,2,Research Scientist,3,Married,13248,7817,1,Y,No,25,3,1,80,0,15,1,2,5,1,2,1,No
48,Travel_Rarely,170,Sales,21,4,Life Sciences,1,1264,1,Female,78,3,4,Research Scientist,3,Divorced,3293,24945,7,Y,Yes,11,3,2,80,0,21,1,4,15,1,0,4,Yes
32,Travel_Frequently,293,Human Resources,2,2,Other,1,1265,1,Male,63,1,4,Research Director,1,Divorced,1985,17835,3,Y,Yes,12,4,4,80,1,9,3,1,1,1,1,1,Yes
51,Travel_Frequently,454,Human Resources,13,2,Human Resources,1,1266,1,Male,76,4,5,Sales Representative,1,Single,9439,10981,4,Y,No,22,3,3,80,1,21,6,1,10,3,2,3,Yes
36,Travel_Frequently,1494,Human Resources,9,3,Other,1,1267,3,Male,30,3,1,Laboratory Technician,4,Married,2722,5706,7,Y,No,17,3,2,80,3,13,4,4,1,1,1,1,Yes
44,Non-Travel,839,Human Resources,23,2,Other,1,1268,2,Male,70,4,1,Human Resources,1,Single,7141,7036,4,Y,Yes,19,3,2,80,1,15,2,4,5,5,2,4,Yes
19,Travel_Rarely,1221,Human Resources,21,1,Human Resources,1,1269,4,Female,70,3,3,Laboratory Technician,1,Married,6748,4937,6,Y,Yes,23,3,2,80,1,7,0,4,1,1,0,1,Yes
53,Non-Travel,691,Human Resources,10,1,Medical,1,1270,3,Male,86,2,1,Manufacturing Director,1,Divorced,2988,18837,3,Y,No,22,4,1,80,2,8,1,1,1,1,1,1,No
56,Travel_Rarely,869,Sales,8,3,Human Resources,1,1271,1,Female,50,1,4,Research Scientist,1,Married,6062,17260,4,Y,Yes,16,3,2,80,2,15,2,3,4,1,3,0,Yes
54,Travel_Rarely,827,Human Resources,26,1,Marketing,1,1272,4,Male,41,4,3,Sales Executive,3,Divorced,3646,13888,2,Y,No,11,4,3,80,0,8,3,1,4,4,3,0,No
36,Non-Travel,1075,Research & Development,24,1,Technical Degree,1,1273,4,Female,61,3,5,Laboratory Technician,3,Divorced,2305,17547,3,Y,No,23,3,2,80,0,16,3,1,3,2,1,3,No
27,Non-Travel,395,Human Resources,10,2,Life Sciences,1,1274,1,Male,70,2,4,Manufacturing Director,3,Single,1847,23389,4,Y,Yes,15,4,1,80,2,7,6,1,3,3,3,2,Yes
30,Travel_Rarely,1385,Research & Development,5,1,Human Resources,1,1275,3,Male,75,1,1,Manufacturing Director,2,Divorced,5230,4533,7,Y,No,13,4,2,80,2,13,3,2,1,1,1,1,Yes
47,Travel_Rarely,733,Human Resources,7,2,Human Resources,1,1276,2,Female,97,4,5,Sales Representative,1,Married,6169,12471,6,Y,No,25,4,1,80,1,19,1,3,8,8,4,2,No
51,Travel_Frequently,617,Sales,26,1,Life Sciences,1,1277,2,Female,54,1,1,Sales Representative,3,Divorced,2575,5435,8,Y,No,13,3,3,80,0,8,5,1,3,1,2,0,No
53,Travel_Rarely,650,Sales,20,3,Life Sciences,1,1278,1,Female,58,1,5,Human Resources,2,Divorced,3039,21170,8,Y,Yes,16,3,2,80,0,14,1,2,9,1,3,5,Yes
58,Non-Travel,683,Human Resources,10,1,Medical,1,1279,3,Female,49,1,5,Human Resources,1,Single,2432,7844,0,Y,No,13,3,4,80,2,15,4,2,3,3,0,0,No
18,Travel_Rarely,228,Research & Development,29,1,Human Resources,1,1280,3,Male,65,1,1,Sales Representative,1,Single,8115,12165,6,Y,No,25,4,1,80,0,12,2,2,7,3,0,4,Yes
30,Travel_Frequently,165,Sales,16,3,Life Sciences,1,1281,3,Female,77,3,3,Human Resources,4,Divorced,1735,18387,9,Y,Yes,17,3,2,80,0,16,4,2,11,5,3,9,Yes
28,Travel_Rarely,1361,Research & Development,25,5,Medical,1,1282,2,Female,69,3,1,Healthcare Representative,3,Single,9669,11247,3,Y,Yes,15,3,3,80,0,24,2,1,10,1,0,7,Yes
22,Travel_Rarely,1422,Sales,26,4,Life Sciences,1,1283,4,Male,79,4,5,Sales Representative,4,Divorced,6056,10136,7,Y,No,13,4,2,80,2,6,5,1,2,2,0,0,No
27,Non-Travel,120,Research & Development,22,1,Marketing,1,1284,3,Female,51,1,4,Research Scientist,2,Divorced,10306,10852,7,Y,No,19,3,4,80,1,4,3,2,4,1,3,3,No
47,Travel_Frequently,456,Sales,11,1,Technical Degree,1,1285,3,Male,85,1,5,Laboratory Technician,1,Married,7635,4768,1,Y,No,24,3,1,80,2,6,3,1,2,2,2,1,No
32,Travel_Rarely,156,Sales,10,5,Other,1,1286,3,Male,85,3,4,Healthcare Representative,4,Divorced,8458,7556,4,Y,Yes,15,3,2,80,0,15,1,3,1,1,1,1,Yes
43,Travel_Rarely,255,Human Resources,5,5,Other,1,1287,1,Female,31,1,3,Healthcare Representative,4,Divorced,3930,24670,0,Y,Yes,21,4,2,80,2,11,3,1,1,1,0,1,No
58,Travel_Rarely,138,Research & Development,25,1,Technical Degree,1,1288,1,Female,89,4,5,Research Director,2,Married,9272,18241,1,Y,No,23,4,4,80,0,14,6,1,5,4,3,1,Yes
49,Non-Travel,890,Research & Development,7,1,Medical,1,1289,3,Female,66,3,5,Human Resources,2,Divorced,5633,24293,1,Y,Yes,13,3,3,80,2,7,6,1,2,2,1,1,No
57,Travel_Rarely,197,Research & Development,2,4,Other,1,1290,3,Male,67,3,4,Manager,2,Single,4623,2260,7,Y,Yes,16,4,3,80,3,38,3,1,25,1,0,6,No
33,Travel_Rarely,158,Sales,2,2,Other,1,1291,3,Female,55,4,2,Sales Executive,2,Divorced,2585,7659,1,Y,No,12,4,1,80,2,14,6,1,9,2,4,0,No
54,Non-Travel,550,Sales,23,4,Human Resources,1,1292,3,Male,79,4,3,Sales Representative,3,Married,7813,20759,8,Y,No,16,3,1,80,3,19,3,1,8,4,0,5,No
52,Non-Travel,785,Human Resources,17,4,Life Sciences,1,1293,1,Female,55,1,3,Human Resources,2,Single,5915,9075,7,Y,Yes,16,3,3,80,2,5,0,3,3,2,3,1,No
54,Non-Travel,101,Human Resources,22,2,Technical Degree,1,1294,4,Female,46,4,2,Sales Executive,3,Single,9262,13776,6,Y,Yes,14,3,2,80,3,11,4,1,1,1,1,0,Yes
50,Travel_Rarely,370,Sales,16,4,Medical,1,1295,4,Male,92,1,4,Human Resources,1,Married,5992,5724,3,Y,Yes,17,4,4,80,3,18,5,2,4,3,2,0,Yes
26,Travel_Frequently,720,Sales,15,5,Technical Degree,1,1296,1,Male,78,1,4,Sales Representative,4,Married,4092,18788,6,Y,Yes,20,4,4,80,3,11,2,2,3,1,0,3,Yes
35,Non-Travel,519,Human Resources,29,4,Life Sciences,1,1297,4,Female,74,4,5,Manufacturing Director,3,Married,3257,20833,8,Y,No,24,3,1,80,3,7,5,1,4,1,0,1,No
54,Non-Travel,1466,Sales,8,5,Other,1,1298,1,Female,37,1,1,Sales Executive,3,Single,4264,4468,8,Y,No,15,4,4,80,0,5,3,2,3,2,3,3,No
52,Travel_Rarely,1167,Human Resources,6,4,Technical Degree,1,1299,1,Female,91,2,5,Human Resources,3,Single,6289,11989,0,Y,No,14,3,4,80,1,16,5,2,4,2,0,0,Yes
58,Travel_Frequently,1225,Research & Development,18,1,Marketing,1,1300,1,Male,75,3,5,Manager,1,Single,4844,12710,9,Y,No,11,3,1,80,0,12,6,4,4,3,4,4,No
37,Travel_Frequently,1272,Sales,13,5,Life Sciences,1,1301,1,Male,62,2,1,Sales Representative,3,Married,2556,22311,4,Y,No,20,4,2,80,2,9,0,3,4,1,0,4,Yes
47,Travel_Rarely,1474,Human Resources,1,3,Technical Degree,1,1302,4,Male,48,2,1,Human Resources,4,Married,9965,7906,3,Y,Yes,15,3,2,80,1,9,4,1,4,3,0,0,Yes
46,Travel_Rarely,1021,Human Resources,4,3,Technical Degree,1,1303,3,Female,76,2,4,Healthcare Representative,4,Married,8108,12470,9,Y,No,23,4,4,80,3,2,2,4,1,1,0,1,No
29,Travel_Frequently,545,Sales,29,4,Life Sciences,1,1304,2,Female,60,3,1,Human Resources,4,Divorced,4699,9120,3,Y,No,14,4,1,80,1,14,2,2,1,1,0,1,Yes
36,Travel_Rarely,1075,Research & Development,6,5,Marketing,1,1305,1,Male,89,2,5,Sales Representative,3,Single,3547,17895,4,Y,Yes,23,4,4,80,2,7,3,2,5,2,5,2,Yes
22,Travel_Frequently,692,Sales,14,4,Other,1,1306,3,Female,81,4,2,Sales Representative,2,Single,5376,24764,4,Y,Yes,21,4,2,80,1,8,0,1,1,1,0,1,Yes
31,Travel_Rarely,1160,Research & Development,20,4,Technical Degree,1,1307,1,Female,32,1,3,Healthcare Representative,2,Divorced,1890,14596,3,Y,No,11,3,2,80,2,10,6,4,3,1,2,3,No
49,Travel_Frequently,203,Human Resources,12,5,Technical Degree,1,1308,1,Female,72,3,5,Laboratory Technician,3,Single,2928,12836,2,Y,Yes,15,3,3,80,2,3,0,4,3,2,2,3,No
59,Travel_Rarely,347,Sales,24,2,Marketing,1,1309,4,Male,45,3,4,Laboratory Technician,1,Divorced,1015,10432,4,Y,Yes,17,4,3,80,0,12,2,3,2,2,0,0,Yes
18,Non-Travel,1450,Research & Development,5,5,Other,1,1310,1,Male,93,3,1,Sales Representative,1,Married,6307,22346,2,Y,No,20,3,2,80,2,9,2,3,6,6,0,3,Yes
32,Travel_Frequently,1324,Research & Development,5,3,Medical,1,1311,4,Male,58,2,4,Research Scientist,1,Divorced,6989,9934,5,Y,Yes,23,3,4,80,0,15,6,2,3,3,2,0,Yes
37,Non-Travel,259,Sales,24,1,Medical,1,1312,1,Female,99,1,1,Healthcare Representative,2,Single,4371,17441,5,Y,No,20,4,1,80,1,8,1,2,1,1,1,0,No
56,Non-Travel,1308,Sales,18,1,Medical,1,1313,4,Male,88,3,5,Human Resources,2,Divorced,3952,9570,9,Y,Yes,23,3,2,80,1,9,5,1,9,3,0,9,Yes
29,Travel_Rarely,113,Sales,12,1,Marketing,1,1314,3,Male,89,3,1,Sales Representative,3,Single,5713,6716,7,Y,No,17,3,3,80,2,14,1,4,8,6,2,0,Yes
45,Travel_Rarely,1334,Sales,29,2,Technical Degree,1,1315,1,Female,86,4,3,Research Scientist,2,Divorced,4344,15170,2,Y,No,14,4,4,80,0,16,6,4,5,3,5,3,No
54,Travel_Frequently,861,Sales,18,2,Technical Degree,1,1316,1,Female,52,3,1,Manufacturing Director,4,Single,2252,11350,8,Y,No,20,3,2,80,1,7,0,3,3,3,1,3,No
58,Travel_Frequently,1193,Research & Development,26,5,Marketing,1,1317,3,Female,44,1,5,Research Scientist,4,Married,4702,25423,1,Y,No,23,3,3,80,3,8,1,1,8,2,2,0,Yes
57,Travel_Rarely,1053,Sales,28,4,Life Sciences,1,1318,1,Male,88,3,4,Laboratory Technician,2,Divorced,9129,19881,8,Y,No,20,4,2,80,0,2,4,1,2,2,2,1,Yes
32,Non-Travel,1002,Research & Development,29,4,Life Sciences,1,1319,3,Female,77,2,3,Healthcare Representative,1,Single,7010,9661,6,Y,No,12,3,3,80,1,12,4,4,6,1,0,0,No
32,Travel_Frequently,154,Research & Development,4,3,Life Sciences,1,1320,2,Male,46,2,4,Manager,1,Divorced,2898,21290,0,Y,Yes,21,4,1,80,2,11,0,2,8,1,1,1,Yes
27,Travel_Frequently,544,Sales,26,4,Other,1,1321,4,Female,58,4,3,Manager,3,Divorced,3712,13694,6,Y,No,24,3,2,80,2,11,2,4,9,4,1,2,Yes
59,Non-Travel,271,Research & Development,16,2,Technical Degree,1,1322,3,Male,79,1,2,Manufacturing Director,2,Single,2266,24453,0,Y,Yes,16,3,2,80,3,9,5,2,2,2,2,2,Yes
26,Travel_Rarely,984,Human Resources,23,2,Human Resources,1,1323,2,Male,59,3,3,Research Scientist,2,Single,2691,22994,1,Y,No,12,3,3,80,2,3,1,4,1,1,1,1,No
35,Non-Travel,834,Sales,25,2,Marketing,1,1324,2,Female,34,2,2,Human Resources,4,Divorced,5459,12691,7,Y,No,23,4,1,80,0,9,0,4,1,1,1,1,No
45,Non-Travel,126,Sales,19,5,Medical,1,1325,2,Male,66,1,5,Human Resources,3,Single,2810,24151,5,Y,Yes,23,3,1,80,1,10,0,1,1,1,1,1,Yes
27,Non-Travel,279,Human Resources,29,2,Marketing,1,1326,3,Female,51,1,1,Healthcare Representative,3,Married,6078,19305,4,Y,Yes,19,4,2,80,3,1,1,1,1,1,0,0,No
30,Travel_Frequently,1395,Sales,12,1,Human Resources,1,1327,1,Male,59,3,1,Research Director,3,Single,2291,9099,7,Y,No,16,3,2,80,0,8,5,1,2,1,0,0,No
39,Travel_Rarely,1128,Sales,29,4,Human Resources,1,1328,3,Male,52,2,4,Healthcare Representative,1,Divorced,2294,10096,0,Y,Yes,19,3,3,80,1,6,4,1,3,3,0,1,No
45,Non-Travel,1399,Research & Development,13,2,Human Resources,1,1329,4,Male,76,3,3,Research Director,3,Single,2389,13725,6,Y,No,24,4,3,80,0,11,6,4,6,4,4,6,No
37,Travel_Frequently,1018,Research & Development,18,1,Technical Degree,1,1330,2,Female,81,4,3,Human Resources,1,Single,9270,2272,2,Y,Yes,23,3,1,80,0,11,0,1,2,2,0,0,Yes
29,Non-Travel,338,Human Resources,28,5,Other,1,1331,3,Male,59,2,1,Manufacturing Director,3,Divorced,4760,18200,8,Y,No,11,4,3,80,3,14,1,1,3,2,3,3,No
30,Travel_Frequently,807,Human Resources,28,4,Marketing,1,1332,4,Male,64,2,3,Human Resources,1,Married,4592,7177,5,Y,No,15,3,2,80,1,12,3,2,4,1,2,4,No
47,Travel_Rarely,166,Sales,23,2,Human Resources,1,1333,1,Male,34,4,3,Manufacturing Director,2,Married,2857,26318,5,Y,Yes,22,4,2,80,2,12,6,3,1,1,1,1,Yes
26,Travel_Frequently,202,Research & Development,11,4,Life Sciences,1,1334,2,Male,74,2,5,Laboratory Technician,3,Single,4901,19105,0,Y,Yes,22,3,2,80,3,8,0,4,4,1,1,2,Yes
30,Travel_Frequently,847,Research & Development,17,3,Life Sciences,1,1335,2,Female,53,2,5,Manager,2,Divorced,3289,22388,5,Y,Yes,12,3,4,80,0,14,6,2,10,2,0,7,Yes
20,Travel_Frequently,176,Human Resources,10,1,Life Sciences,1,1336,1,Male,78,2,2,Healthcare Representative,1,Married,1984,25218,1,Y,Yes,24,3,1,80,0,10,1,1,2,2,2,2,Yes
42,Travel_Frequently,1465,Research & Development,1,1,Life Sciences,1,1337,2,Male,77,1,5,Laboratory Technician,2,Divorced,4030,25486,7,Y,No,23,4,2,80,2,15,4,1,3,2,3,1,No
49,Travel_Rarely,936,Research & Development,24,2,Technical Degree,1,1338,2,Male,62,3,4,Human Resources,1,Married,5428,9293,0,Y,No,25,4,2,80,3,7,3,3,1,1,1,1,Yes
38,Travel_Rarely,870,Human Resources,5,5,Technical Degree,1,1339,3,Male,66,1,4,Sales Representative,4,Divorced,4096,3982,6,Y,No,11,4,2,80,1,12,5,3,2,2,1,1,No
46,Travel_Frequently,517,Research & Development,28,1,Medical,1,1340,4,Female,59,1,1,Research Scientist,1,Single,3955,25633,5,Y,Yes,17,3,2,80,1,10,1,4,8,1,0,1,Yes
57,Non-Travel,1037,Research & Development,1,4,Marketing,1,1341,1,Male,92,1,1,Laboratory Technician,1,Married,2535,19587,2,Y,Yes,18,3,1,80,0,19,1,3,14,2,2,0,No
59,Travel_Rarely,103,Research & Development,10,3,Medical,1,1342,3,Male,69,3,1,Manufacturing Director,4,Married,5971,5275,0,Y,Yes,17,3,4,80,3,14,5,1,8,1,0,4,No
32,Travel_Rarely,1213,Human Resources,9,1,Other,1,1343,3,Male,54,4,4,Sales Representative,2,Divorced,4462,17573,2,Y,Yes,13,3,1,80,0,14,5,3,4,1,0,3,No
25,Travel_Rarely,511,Research & Development,14,3,Life Sciences,1,1344,4,Male,84,2,5,Sales Representative,2,Divorced,4716,20321,6,Y,Yes,15,4,1,80,0,16,2,4,5,3,0,4,Yes
24,Travel_Rarely,364,Sales,23,4,Other,1,1345,1,Male,41,2,3,Healthcare Representative,2,Single,4245,13191,9,Y,Yes,20,3,1,80,0,11,2,4,9,1,1,6,Yes
47,Travel_Rarely,1290,Research & Development,2,3,Medical,1,1346,1,Female,79,1,1,Research Scientist,3,Divorced,3919,16047,0,Y,No,16,4,1,80,0,17,5,4,6,1,1,5,No
49,Travel_Frequently,487,Research & Development,9,3,Medical,1,1347,1,Male,72,2,1,Manager,3,Single,5297,21852,8,Y,No,23,3,4,80,0,11,3,3,4,3,1,0,No
40,Travel_Rarely,1244,Sales,6,3,Life Sciences,1,1348,2,Female,32,2,5,Sales Executive,1,Single,6623,17613,3,Y,No,22,4,4,80,1,8,3,2,3,3,0,0,Yes
38,Travel_Rarely,878,Sales,24,4,Technical Degree,1,1349,3,Female,60,1,5,Sales Executive,4,Single,4799,20492,2,Y,No,12,4,3,80,2,16,6,3,4,1,1,2,No
51,Non-Travel,1243,Sales,10,3,Other,1,1350,2,Male,59,1,2,Sales Representative,4,Married,8947,9473,2,Y,Yes,25,3,2,80,3,7,2,2,1,1,1,1,No
43,Travel_Frequently,124,Sales,2,4,Marketing,1,1351,3,Male,66,3,1,Research Scientist,4,Divorced,6035,23826,0,Y,No,20,4,4,80,2,23,4,1,15,4,0,0,Yes
47,Non-Travel,1160,Sales,12,1,Medical,1,1352,1,Male,40,2,3,Sales Executive,4,Married,9954,21030,3,Y,No,21,3,2,80,2,5,6,1,1,1,1,0,No
20,Travel_Rarely,1384,Human Resources,13,2,Other,1,1353,1,Female,34,3,1,Sales Representative,2,Divorced,2396,25605,7,Y,No,14,3,3,80,3,1,2,2,1,1,0,1,Yes
27,Travel_Frequently,1382,Sales,28,3,Other,1,1354,2,Female,65,4,2,Healthcare Representative,2,Married,5593,25525,2,Y,Yes,15,3,3,80,1,17,2,1,3,3,0,2,Yes
55,Travel_Frequently,1187,Sales,16,4,Medical,1,1355,1,Female,64,1,5,Laboratory Technician,3,Married,10247,4903,8,Y,No,17,3,4,80,3,2,2,1,2,2,0,1,No
18,Non-Travel,371,Sales,5,2,Marketing,1,1356,4,Male,56,3,1,Sales Representative,2,Single,6130,16911,0,Y,No,19,3,1,80,1,20,5,4,6,1,1,2,No
35,Travel_Frequently,814,Sales,22,3,Marketing,1,1357,4,Female,68,4,1,Sales Representative,3,Married,2735,25241,3,Y,No,16,3,4,80,1,8,6,1,2,1,1,2,No
46,Travel_Rarely,200,Research & Development,2,1,Other,1,1358,1,Male,61,2,3,Manager,3,Married,3800,25990,5,Y,No,17,4,1,80,0,3,1,1,2,1,1,0,No
27,Travel_Frequently,360,Human Resources,25,1,Human Resources,1,1359,4,Male,51,1,3,Human Resources,3,Married,3986,18915,4,Y,Yes,17,4,4,80,2,16,6,2,2,1,2,2,No
26,Non-Travel,1072,Research & Development,18,1,Other,1,1360,4,Male,38,2,5,Human Resources,2,Divorced,9989,6287,5,Y,Yes,25,3,3,80,0,16,3,4,5,3,3,0,Yes
44,Travel_Rarely,1197,Sales,28,3,Marketing,1,1361,3,Female,50,2,2,Manufacturing Director,4,Single,7942,26053,3,Y,Yes,25,3,4,80,3,13,3,4,10,2,0,4,Yes
36,Travel_Rarely,1007,Research & Development,6,3,Marketing,1,1362,1,Female,50,4,4,Manager,3,Single,4065,19821,3,Y,No,12,3,4,80,0,12,0,3,1,1,1,1,Yes
57,Non-Travel,1278,Sales,7,3,Medical,1,1363,4,Male,66,1,3,Sales Executive,1,Divorced,2953,4535,4,Y,Yes,23,4,1,80,2,13,2,2,7,2,0,3,Yes
42,Travel_Frequently,1434,Sales,22,1,Life Sciences,1,1364,3,Male,97,1,5,Sales Representative,2,Divorced,2843,6309,4,Y,Yes,19,3,1,80,3,12,1,3,4,4,0,4,Yes
33,Travel_Rarely,523,Human Resources,22,2,Medical,1,1365,1,Female,76,2,5,Laboratory Technician,4,Single,4167,24369,5,Y,Yes,12,4,1,80,2,17,1,1,7,2,1,2,Yes
40,Travel_Rarely,152,Sales,11,1,Medical,1,1366,4,Female,65,4,3,Sales Representative,4,Divorced,4414,2397,5,Y,Yes,13,3,1,80,0,9,5,1,4,2,1,3,No
51,Travel_Frequently,956,Human Resources,18,2,Technical Degree,1,1367,2,Female,96,4,3,Healthcare Representative,1,Married,3445,6112,5,Y,Yes,21,3,1,80,1,18,1,3,5,3,4,3,Yes
30,Non-Travel,353,Sales,24,3,Life Sciences,1,1368,4,Male,83,2,5,Sales Executive,3,Divorced,5611,8240,6,Y,Yes,12,3,1,80,3,14,6,4,5,1,2,2,Yes
37,Non-Travel,1165,Research & Development,11,5,Other,1,1369,2,Female,38,4,5,Research Director,2,Divorced,11810,22708,5,Y,No,14,3,4,80,0,19,6,3,8,1,0,1,No
48,Travel_Frequently,408,Research & Development,25,2,Life Sciences,1,1370,1,Female,39,4,2,Laboratory Technician,2,Single,4301,5047,4,Y,Yes,15,3,3,80,1,16,2,4,4,2,0,3,Yes
32,Travel_Frequently,1247,Sales,25,2,Medical,1,1371,1,Male,69,3,2,Manufacturing Director,1,Divorced,4376,7108,1,Y,No,20,4,1,80,2,9,0,1,2,2,0,1,Yes
59,Travel_Frequently,1020,Human Resources,29,3,Medical,1,1372,2,Male,88,1,2,Sales Representative,2,Married,3041,15021,1,Y,No,15,4,1,80,3,19,0,2,9,1,0,7,Yes
21,Travel_Rarely,541,Sales,5,5,Marketing,1,1373,3,Female,79,4,3,Research Scientist,3,Single,3610,16089,0,Y,Yes,23,3,2,80,3,8,4,3,5,3,0,0,Yes
29,Travel_Rarely,472,Human Resources,26,1,Medical,1,1374,2,Male,70,4,3,Research Scientist,3,Married,7505,25903,2,Y,Yes,14,4,1,80,3,7,5,4,2,1,1,2,No
30,Travel_Rarely,1253,Human Resources,15,3,Marketing,1,1375,1,Male,86,4,3,Sales Executive,3,Divorced,3399,10325,5,Y,Yes,13,4,3,80,2,16,3,2,4,2,0,1,No
57,Travel_Rarely,198,Research & Development,22,1,Marketing,1,1376,1,Male,89,1,5,Sales Executive,4,Married,3036,11300,6,Y,Yes,17,4,3,80,3,33,2,1,24,3,0,3,No
42,Non-Travel,321,Research & Development,18,2,Medical,1,1377,4,Female,87,3,3,Sales Representative,2,Married,4485,18343,3,Y,No,13,3,1,80,3,13,1,1,8,4,0,2,No
32,Travel_Frequently,1214,Human Resources,19,2,Technical Degree,1,1378,4,Male,75,2,5,Research Scientist,4,Divorced,9263,21656,6,Y,Yes,16,3,1,80,1,11,5,4,4,1,0,3,Yes
28,Non-Travel,665,Research & Development,2,2,Life Sciences,1,1379,2,Female,41,4,2,Research Director,1,Single,3144,13087,8,Y,Yes,25,4,4,80,3,7,2,1,2,2,1,2,Yes
19,Non-Travel,467,Sales,15,3,Medical,1,1380,4,Male,76,4,3,Research Scientist,4,Divorced,4674,20396,6,Y,Yes,22,3,4,80,0,1,4,2,1,1,1,1,No
38,Non-Travel,1096,Sales,24,4,Other,1,1381,2,Female,44,4,3,Human Resources,4,Married,5088,7427,6,Y,Yes,15,4,3,80,3,7,2,3,5,3,2,3,Yes
29,Travel_Rarely,1088,Research & Development,5,4,Other,1,1382,1,Female,68,2,4,Sales Representative,2,Single,3294,6929,8,Y,Yes,11,4,2,80,2,21,3,1,15,2,0,4,No
59,Travel_Rarely,973,Human Resources,6,5,Human Resources,1,1383,4,Female,67,4,5,Research Scientist,3,Single,4976,3921,5,Y,Yes,14,3,3,80,0,3,1,3,3,1,0,2,Yes
32,Travel_Rarely,608,Research & Development,27,5,Technical Degree,1,1384,3,Male,76,3,3,Human Resources,2,Married,8896,4822,4,Y,No,12,4,4,80,3,13,3,1,1,1,0,0,Yes
27,Travel_Rarely,1197,Research & Development,21,1,Marketing,1,1385,3,Female,63,1,1,Laboratory Technician,1,Married,9785,2895,9,Y,Yes,18,3,1,80,1,15,0,4,5,2,0,3,Yes
20,Travel_Frequently,854,Human Resources,19,1,Technical Degree,1,1386,2,Female,46,2,5,Research Director,2,Married,4873,21698,6,Y,Yes,12,3,3,80,3,6,0,4,1,1,1,1,No
53,Travel_Rarely,232,Human Resources,24,2,Marketing,1,1387,4,Female,62,2,2,Research Director,2,Married,6507,2933,0,Y,No,21,3,2,80,2,1,3,1,1,1,1,1,No
36,Travel_Frequently,1485,Human Resources,25,1,Marketing,1,1388,4,Female,66,4,4,Laboratory Technician,4,Married,4380,6138,8,Y,Yes,24,3,1,80,3,14,1,3,3,3,0,3,No
38,Travel_Frequently,400,Human Resources,27,4,Other,1,1389,2,Male,43,1,2,Research Director,2,Divorced,6243,16907,9,Y,Yes,20,3,3,80,2,7,2,3,3,1,0,0,No
31,Travel_Rarely,1396,Sales,17,4,Medical,1,1390,3,Male,44,1,1,Human Resources,2,Married,2552,14107,0,Y,No,25,3,3,80,3,18,2,2,13,2,1,3,Yes
58,Travel_Rarely,1341,Research & Development,4,3,Technical Degree,1,1391,3,Female,87,2,2,Research Scientist,4,Divorced,8347,12349,3,Y,Yes,21,3,4,80,2,9,2,4,2,2,2,1,No
36,Travel_Frequently,164,Research & Development,3,4,Life Sciences,1,1392,2,Male,68,3,1,Human Resources,4,Single,4364,4316,3,Y,Yes,16,3,1,80,3,10,5,2,8,5,0,6,No
56,Travel_Rarely,798,Research & Development,28,3,Technical Degree,1,1393,4,Female,38,1,4,Sales Representative,2,Single,2041,21361,0,Y,No,15,3,4,80,0,4,2,3,4,1,1,4,Yes
43,Travel_Rarely,379,Human Resources,15,4,Other,1,1394,4,Female,40,3,1,Research Director,4,Single,5841,25259,5,Y,No,17,4,2,80,1,5,2,1,3,1,1,1,No
23,Travel_Frequently,204,Human Resources,12,1,Medical,1,1395,3,Male,42,1,3,Laboratory Technician,4,Married,4789,6916,3,Y,Yes,15,3,1,80,0,2,2,3,2,1,0,2,No
23,Travel_Frequently,867,Research & Development,19,1,Technical Degree,1,1396,2,Female,71,3,2,Sales Executive,3,Single,2508,3338,3,Y,Yes,18,4,4,80,1,15,1,4,8,1,5,0,Yes
50,Travel_Frequently,1197,Sales,18,2,Marketing,1,1397,3,Male,33,1,3,Sales Representative,3,Single,6633,13652,9,Y,Yes,18,3,2,80,3,23,5,1,14,6,1,5,Yes
51,Travel_Frequently,1031,Research & Development,11,5,Other,1,1398,3,Female,34,1,2,Research Scientist,4,Married,4655,9834,2,Y,Yes,13,4,3,80,0,2,0,3,2,2,2,1,No
18,Travel_Rarely,1132,Research & Development,8,3,Life Sciences,1,1399,2,Female,98,1,5,Laboratory Technician,2,Married,4788,7799,1,Y,No,24,3,2,80,1,7,6,3,1,1,1,0,Yes
33,Travel_Frequently,1156,Research & Development,24,3,Technical Degree,1,1400,3,Male,68,2,5,Sales Representative,3,Divorced,3590,20328,1,Y,No,18,4,2,80,0,23,2,3,15,4,1,0,No
58,Travel_Rarely,1313,Human Resources,10,4,Human Resources,1,1401,4,Male,32,4,1,Sales Representative,3,Single,9024,6143,7,Y,Yes,19,3,1,80,3,12,6,4,7,1,4,1,Yes
37,Travel_Rarely,677,Human Resources,16,5,Medical,1,1402,2,Female,94,4,3,Manager,2,Single,2901,14693,6,Y,No,20,4,2,80,1,16,2,4,3,1,3,3,No
20,Travel_Frequently,295,Sales,13,4,Human Resources,1,1403,3,Male,47,4,1,Sales Representative,3,Married,8121,19636,8,Y,Yes,24,4,4,80,3,3,3,2,3,1,0,0,No
33,Travel_Rarely,608,Human Resources,6,3,Medical,1,1404,2,Male,54,1,5,Research Scientist,4,Married,7785,14611,2,Y,Yes,15,4,4,80,3,3,5,3,3,3,1,3,No
52,Travel_Rarely,115,Sales,10,1,Medical,1,1405,4,Male,59,2,1,Manager,3,Married,7955,19969,3,Y,No,19,3,1,80,3,6,3,3,3,3,0,3,Yes
42,Travel_Rarely,171,Research & Development,22,1,Other,1,1406,3,Female,77,4,3,Human Resources,3,Divorced,12784,13108,2,Y,No,21,4,2,80,1,21,3,3,7,1,1,5,No
43,Non-Travel,732,Research & Development,1,2,Technical Degree,1,1407,1,Female,59,3,2,Manager,2,Single,2870,9715,5,Y,Yes,21,3,2,80,1,7,6,2,1,1,0,1,Yes
54,Non-Travel,111,Research & Development,26,3,Human Resources,1,1408,1,Male,96,2,1,Laboratory Technician,4,Divorced,4000,21392,8,Y,No,18,3,1,80,0,6,4,4,2,2,1,0,No
32,Non-Travel,1305,Human Resources,20,4,Marketing,1,1409,2,Male,33,3,1,Sales Representative,1,Single,20000,14631,5,Y,Yes,20,3,4,80,1,5,0,4,3,1,3,0,Yes
50,Travel_Rarely,712,Sales,3,4,Technical Degree,1,1410,1,Male,86,3,3,Sales Representative,3,Divorced,7048,20994,6,Y,No,18,4,1,80,2,14,4,3,1,1,1,1,No
43,Travel_Frequently,518,Sales,12,1,Medical,1,1411,2,Male,96,4,4,Healthcare Representative,1,Married,3506,16228,6,Y,No,11,3,3,80,0,11,5,3,1,1,0,1,Yes
54,Travel_Frequently,242,Research & Development,13,5,Technical Degree,1,1412,3,Female,62,4,5,Research Scientist,2,Divorced,9421,21119,3,Y,No,19,3,2,80,2,2,4,2,2,1,2,0,Yes
25,Non-Travel,1176,Research & Development,23,1,Marketing,1,1413,1,Female,62,3,4,Manufacturing Director,3,Divorced,5425,4938,8,Y,No,11,4,4,80,1,11,4,3,3,1,1,0,Yes
44,Travel_Rarely,1348,Research & Development,15,2,Technical Degree,1,1414,4,Male,67,4,5,Manufacturing Director,4,Single,5995,7357,3,Y,Yes,18,4,3,80,1,5,3,2,3,3,3,2,Yes
59,Non-Travel,1397,Research & Development,29,4,Human Resources,1,1415,4,Female,65,1,5,Human Resources,1,Married,3407,9121,2,Y,Yes,13,3,2,80,0,13,1,1,1,1,0,1,No
52,Non-Travel,674,Research & Development,5,1,Technical Degree,1,1416,1,Male,86,3,5,Manufacturing Director,3,Divorced,3122,19506,6,Y,No,23,3,3,80,0,4,5,2,3,1,1,3,No
56,Travel_Rarely,1273,Human Resources,13,4,Other,1,1417,3,Female,88,1,1,Sales Representative,3,Divorced,2782,19011,4,Y,Yes,22,3,4,80,0,4,6,3,1,1,0,1,Yes
26,Travel_Rarely,876,Research & Development,29,5,Technical Degree,1,1418,4,Male,78,1,3,Human Resources,2,Single,4374,21564,6,Y,Yes,13,3,1,80,3,18,3,1,6,4,1,6,Yes
24,Non-Travel,107,Human Resources,5,5,Marketing,1,1419,3,Male,31,4,3,Sales Representative,2,Married,4089,21979,9,Y,Yes,17,3,2,80,3,17,4,2,10,2,2,8,Yes
31,Travel_Rarely,982,Sales,27,2,Other,1,1420,2,Male,59,1,5,Sales Representative,1,Single,5990,13877,5,Y,Yes,21,4,2,80,2,15,4,3,2,2,1,2,Yes
19,Travel_Frequently,1314,Sales,13,5,Other,1,1421,3,Female,88,3,3,Laboratory Technician,1,Single,6627,8844,1,Y,Yes,15,4,4,80,0,9,4,3,7,3,2,2,No
34,Travel_Rarely,997,Sales,4,1,Human Resources,1,1422,2,Male,98,2,3,Healthcare Representative,2,Divorced,6171,20318,5,Y,No,17,4,3,80,1,20,5,3,9,1,1,3,No
29,Travel_Frequently,1400,Human Resources,8,5,Life Sciences,1,1423,1,Male,64,1,2,Sales Executive,3,Divorced,2574,8883,2,Y,Yes,14,3,1,80,2,13,3,4,5,4,0,1,No
60,Travel_Rarely,663,Human Resources,19,3,Technical Degree,1,1424,3,Male,64,4,1,Research Scientist,3,Single,2955,23245,2,Y,Yes,13,4,3,80,2,12,2,1,6,1,3,5,Yes
56,Travel_Rarely,693,Sales,29,2,Technical Degree,1,1425,3,Female,67,1,3,Research Scientist,3,Single,4054,21970,2,Y,No,11,3,3,80,1,3,1,3,3,1,0,0,Yes
21,Travel_Rarely,1120,Sales,8,4,Technical Degree,1,1426,3,Male,73,4,3,Sales Representative,4,Single,4483,10214,6,Y,No,20,3,3,80,0,21,4,3,8,1,2,1,No
33,Travel_Rarely,954,Research & Development,17,2,Medical,1,1427,3,Female,95,3,1,Research Director,3,Single,3233,3712,3,Y,Yes,22,3,4,80,0,13,5,3,4,1,2,3,No
58,Travel_Rarely,433,Human Resources,3,3,Marketing,1,1428,1,Female,69,2,5,Sales Executive,3,Married,4121,6042,9,Y,Yes,18,4,1,80,1,14,6,1,3,1,1,0,Yes
30,Travel_Rarely,942,Human Resources,1,2,Medical,1,1429,1,Male,88,3,2,Healthcare Representative,2,Divorced,4577,23606,4,Y,Yes,11,3,1,80,1,4,4,4,3,3,0,1,Yes
34,Travel_Frequently,287,Sales,21,3,Life Sciences,1,1430,2,Male,96,4,1,Manufacturing Director,1,Single,9234,24043,0,Y,No,21,3,3,80,2,7,1,2,2,1,1,2,Yes
59,Travel_Frequently,328,Sales,11,1,Marketing,1,1431,1,Female,65,2,4,Laboratory Technician,4,Single,6405,13227,7,Y,Yes,23,3,2,80,3,14,1,3,3,2,3,3,Yes
26,Travel_Frequently,443,Human Resources,3,2,Other,1,1432,4,Female,50,1,4,Healthcare Representative,3,Married,2880,19159,8,Y,No,24,3,2,80,3,8,3,4,7,1,1,1,No
32,Travel_Rarely,533,Research & Development,6,1,Other,1,1433,2,Female,31,4,2,Laboratory Technician,4,Married,3858,22097,7,Y,Yes,20,3,3,80,3,21,4,1,8,2,1,3,No
47,Travel_Rarely,358,Human Resources,28,4,Medical,1,1434,1,Female,53,1,3,Healthcare Representative,4,Married,2742,13824,7,Y,No,12,4,2,80,3,13,2,4,1,1,1,0,Yes
25,Travel_Frequently,876,Human Resources,3,4,Human Resources,1,1435,2,Male,55,2,2,Healthcare Representative,2,Divorced,4347,14884,5,Y,No,13,3,2,80,2,10,5,1,1,1,1,1,Yes
53,Travel_Frequently,217,Human Resources,5,3,Other,1,1436,1,Male,63,3,1,Manager,1,Married,2832,4346,0,Y,Yes,13,3,4,80,0,14,0,4,3,1,1,3,No
56,Non-Travel,366,Human Resources,16,5,Technical Degree,1,1437,2,Female,81,1,4,Healthcare Representative,1,Divorced,5537,16530,9,Y,No,17,3,1,80,3,1,3,2,1,1,0,1,Yes
28,Travel_Frequently,991,Sales,8,5,Technical Degree,1,1438,2,Male,96,4,2,Laboratory Technician,3,Married,3957,19589,4,Y,Yes,13,4,3,80,0,29,4,3,17,5,0,7,Yes
54,Travel_Frequently,864,Human Resources,3,3,Medical,1,1439,1,Female,67,2,3,Manager,2,Single,4576,14043,5,Y,Yes,13,3,2,80,0,9,6,2,2,2,1,0,Yes
26,Travel_Rarely,1361,Sales,18,1,Technical Degree,1,1440,1,Female,35,1,2,Manager,3,Single,5594,7623,4,Y,Yes,21,3,1,80,2,6,1,1,2,2,2,0,Yes
43,Non-Travel,122,Human Resources,15,3,Medical,1,1441,2,Male,81,3,2,Manufacturing Director,1,Divorced,5656,12943,8,Y,No,16,3,3,80,0,12,2,3,1,1,1,1,No
36,Non-Travel,559,Human Resources,9,3,Other,1,1442,2,Female,50,1,2,Research Scientist,4,Divorced,4696,8864,2,Y,No,21,3,2,80,1,7,3,1,1,1,0,1,Yes
54,Travel_Rarely,1150,Research & Development,1,1,Life Sciences,1,1443,4,Female,37,3,1,Manufacturing Director,4,Married,6168,9674,8,Y,Yes,19,3,1,80,1,20,5,2,13,1,0,0,No
44,Travel_Rarely,339,Research & Development,16,3,Technical Degree,1,1444,1,Male,93,3,1,Research Scientist,4,Divorced,4209,8374,8,Y,No,21,3,3,80,2,18,3,4,8,4,3,5,No
23,Travel_Frequently,638,Sales,1,2,Life Sciences,1,1445,3,Male,88,4,3,Sales Executive,1,Married,3667,20334,1,Y,No,22,4,3,80,1,2,3,2,1,1,1,0,Yes
33,Non-Travel,952,Research & Development,16,2,Human Resources,1,1446,1,Male,60,3,2,Sales Executive,3,Married,11608,25397,9,Y,Yes,12,4,1,80,3,14,4,4,5,2,0,5,Yes
44,Non-Travel,1405,Sales,18,1,Marketing,1,1447,3,Female,91,4,4,Sales Representative,4,Married,5350,13697,4,Y,No,23,3,2,80,2,12,3,3,9,2,2,1,No
46,Travel_Frequently,1091,Human Resources,27,4,Human Resources,1,1448,4,Male,47,2,1,Manager,1,Married,8353,23431,2,Y,No,20,4,2,80,3,12,3,2,6,1,3,3,No
22,Non-Travel,1411,Research & Development,12,1,Life Sciences,1,1449,3,Female,95,2,2,Research Director,3,Divorced,6973,4656,6,Y,Yes,23,3,1,80,1,15,1,4,5,2,1,0,Yes
28,Travel_Rarely,771,Sales,19,3,Life Sciences,1,1450,4,Female,90,1,4,Sales Executive,4,Divorced,5702,14378,9,Y,No,19,3,1,80,0,22,4,4,12,2,0,1,Yes
48,Non-Travel,752,Sales,28,5,Marketing,1,1451,1,Male,59,3,5,Manufacturing Director,1,Divorced,5954,4335,9,Y,Yes,21,3,1,80,0,7,0,4,3,1,2,1,Yes
44,Travel_Rarely,688,Sales,28,2,Marketing,1,1452,1,Male,39,3,5,Research Scientist,1,Married,2851,14459,1,Y,No,24,3,3,80,3,6,1,1,3,1,3,3,No
43,Non-Travel,594,Research & Development,3,1,Medical,1,1453,4,Male,37,2,4,Healthcare Representative,4,Divorced,4707,22420,4,Y,No,21,4,1,80,0,7,5,2,4,4,4,0,Yes
32,Non-Travel,657,Research & Development,16,3,Technical Degree,1,1454,2,Female,33,3,3,Laboratory Technician,1,Divorced,4432,17122,7,Y,Yes,20,4,1,80,3,25,0,3,12,1,2,4,Yes
46,Non-Travel,1179,Sales,3,5,Technical Degree,1,1455,2,Female,88,2,5,Research Director,3,Married,6254,10422,3,Y,No,16,4,1,80,1,19,0,1,8,1,3,1,Yes
27,Non-Travel,1338,Research & Development,27,2,Life Sciences,1,1456,2,Female,38,3,2,Healthcare Representative,3,Divorced,7058,11245,8,Y,Yes,21,4,1,80,2,7,3,2,4,1,0,1,No
23,Non-Travel,854,Human Resources,29,1,Life Sciences,1,1457,1,Male,76,4,2,Manufacturing Director,4,Married,6472,7550,7,Y,Yes,17,3,1,80,1,19,6,3,5,1,0,4,Yes
32,Travel_Frequently,358,Human Resources,9,3,Technical Degree,1,1458,2,Male,46,1,3,Manufacturing Director,3,Married,7586,4002,7,Y,Yes,17,3,4,80,0,7,3,4,2,2,2,2,Yes
47,Non-Travel,702,Human Resources,12,4,Marketing,1,1459,1,Female,36,4,3,Human Resources,2,Divorced,2526,10832,2,Y,No,12,3,3,80,0,1,4,4,1,1,1,0,No
55,Travel_Rarely,1089,Human Resources,21,2,Medical,1,1460,1,Female,63,2,2,Research Scientist,1,Married,4464,7901,5,Y,No,18,3,3,80,1,14,1,4,1,1,1,1,No
50,Travel_Frequently,1193,Human Resources,5,2,Medical,1,1461,3,Male,36,2,2,Manufacturing Director,1,Married,5124,26014,5,Y,No,18,3,4,80,0,12,3,3,3,1,0,2,Yes
42,Travel_Rarely,699,Research & Development,13,5,Technical Degree,1,1462,2,Male,83,2,5,Research Scientist,1,Divorced,4213,5114,5,Y,Yes,19,3,2,80,2,15,6,3,9,4,9,8,Yes
32,Travel_Frequently,1339,Research & Development,8,2,Life Sciences,1,1463,4,Female,57,4,1,Laboratory Technician,1,Divorced,4010,12818,8,Y,No,17,4,1,80,2,19,0,2,15,2,0,3,Yes
28,Travel_Rarely,624,Sales,4,2,Marketing,1,1464,4,Female,93,3,4,Human Resources,2,Single,6673,2059,1,Y,Yes,18,4,1,80,0,14,2,2,13,1,0,4,Yes
49,Travel_Frequently,1182,Research & Development,24,4,Life Sciences,1,1465,1,Female,91,4,3,Human Resources,3,Married,8552,25830,5,Y,No,24,3,2,80,1,12,3,4,11,6,0,1,Yes
32,Non-Travel,220,Human Resources,16,5,Technical Degree,1,1466,1,Male,41,1,1,Sales Representative,2,Married,3797,14330,1,Y,Yes,16,4,3,80,2,8,6,1,2,1,1,2,Yes
52,Non-Travel,1012,Human Resources,29,5,Human Resources,1,1467,4,Female,57,3,4,Healthcare Representative,3,Divorced,6851,4001,7,Y,No,15,4,3,80,3,4,6,1,2,2,2,2,Yes
31,Travel_Rarely,843,Sales,19,4,Medical,1,1468,2,Male,47,2,5,Manufacturing Director,4,Single,9075,7689,4,Y,Yes,15,4,1,80,1,10,2,1,1,1,0,1,Yes
58,Non-Travel,877,Sales,22,3,Life Sciences,1,1469,4,Female,77,4,4,Research Scientist,3,Single,7338,6328,4,Y,No,13,4,1,80,0,5,4,3,2,1,0,1,No
46,Non-Travel,1209,Sales,14,1,Other,1,1470,2,Female,97,3,1,Manufacturing Director,2,Married,2971,20475,8,Y,Yes,21,3,3,80,2,14,1,2,1,1,1,1,Yes
